"","Var1","Vogue1B.01.01","Vogue1B.01.03","Vogue1B.01.04","Vogue1B.01.05","Vogue1B.01.06","Vogue1B.01.08","Vogue1B.01.09","Vogue1B.01.11","Vogue1B.01.12","Vogue1B.01.13","Vogue1B.01.15","Vogue1B.01.17","Vogue1B.01.21","Vogue1B.01.26","Vogue1B.01.27","Vogue1B.01.32","Vogue1B.01.34","Vogue1B.01.36","Vogue1B.01.37","Vogue1B.01.38","Vogue1B.01.40","Vogue1B.01.43","Vogue1B.01.48","Vogue1B.01.51","Vogue1B.01.52"
"1",10280,1,0,1,0,0,0,0,0,0,8,1,0,0,2,0,0,0,0,0,0,0,0,0,0,0
"2",10377,1,0,2191,0,0,0,0,0,0,1,1,0,0,0,0,0,0,0,0,0,0,0,0,0,0
"3",10397,1,0,0,0,0,0,0,0,1,9,0,0,0,0,2,1,0,0,0,0,0,0,2,0,0
"4",10566,1,121,0,0,0,2,0,32,16,0,1,1,169,0,2,2,40,36,0,17,2,564,1,0,0
"5",10573,1,0,0,2,2,24,2,1,0,0,1,0,1179,217,0,0,0,0,0,1,1,10,0,0,0
"6",1073767,1,0,0,0,0,0,0,0,0,0,0,0,0,0,0,0,0,0,0,0,0,0,0,0,0
"7",1147043,1,0,0,0,0,0,0,98,0,0,0,0,0,3,0,0,0,1,0,0,0,25,0,0,0
"8",1168837,1,0,0,0,0,0,0,0,3,0,0,0,0,0,0,0,0,0,0,0,0,0,0,0,0
"9",120686,1,2,2,0,5,0,0,3,0,0,3,7,4,2,2,6,5,1,5,66658,1,1,6,3,0
"10",1239565,1,0,0,0,0,0,0,0,0,0,0,0,0,0,0,0,0,0,0,0,0,0,0,0,0
"11",1247379,1,0,0,0,0,2,0,1,0,1,0,0,1,1,0,0,1,2,37,1,0,0,1,0,0
"12",139871,1,732,0,2,0,501,0,0,0,1,10,0,0,0,0,0,30,114,0,0,0,0,3,0,4
"13",1421422,1,5,0,2,49,1,0,0,4,5,0,3,0,0,7,0,6,17,1,13,1,1,11,2,110
"14",1458697,1,0,0,1,7,3,0,3,5,32,0,0,10,1,0,71,0,15,92,0,0,0,0,0,0
"15",1458717,1,0,0,0,0,0,0,0,0,0,0,0,0,0,0,0,0,0,0,0,0,0,0,0,0
"16",1566993,1,0,0,0,0,0,0,0,0,0,0,0,0,0,0,0,0,0,0,0,0,0,0,0,0
"17",1592335,1,0,0,0,0,0,0,0,0,0,0,0,0,0,0,0,0,0,0,0,0,0,0,0,0
"18",1622193,1,0,0,0,0,0,0,0,0,0,1,0,0,0,0,328,0,1,0,0,0,28,0,0,0
"19",28278,1,1,0,0,0,1,0,0,0,0,0,0,0,0,0,2,0,0,0,0,0,0,0,0,0
"20",28358,1,0,0,0,0,0,0,0,0,0,0,0,0,0,0,0,0,0,0,0,6,0,0,0,0
"21",329380,1,0,0,0,0,0,88,0,0,0,0,0,0,3,0,0,0,0,1,0,2,0,0,0,0
"22",333763,1,0,0,0,1,67,0,0,0,0,0,1,6079,1,0,0,0,0,0,1,4,0,0,0,0
"23",333765,1,0,0,0,0,0,1,1,0,2,1,1,4,2,0,0,1,0,0,0,1,13,0,0,0
"24",333767,1,9,1,1,4,1,29,8,1,0,4,6,106,59,9,3,29043,0,7,10,5,2208,4,0,1
"25",333769,1,0,2,1,0,0,0,1,1,0,0,1,2,0,0,0,1,1,4,1,1,1675,1,0,0
"26",333772,1,0,0,1,0,3,15638,5,3,2,0,1,2,2,2,0,13,7,0,9,7,9032,0,2,0
"27",340016,1,0,0,0,0,0,0,0,0,1,0,0,0,0,0,0,0,1,0,0,0,0,0,0,0
"28",342409,1,0,0,0,1,12,0,0,1,7,1,0,0,1,0,0,0,50,0,1,0,0,5,0,0
"29",346932,1,0,0,0,13,0,0,0,1,0,0,0,0,0,0,0,0,0,0,0,0,0,0,0,0
"30",35270,1,5,0,2,13,1,0,2,3,0,0,2,1,0,12,0,3,1,3,6,0,2,4,0,2
"31",36352,1,0,121,0,1,0,0,0,1,1,0,0,0,0,0,0,0,0,0,0,0,0,0,0,0
"32",363555,1,118,0,0,0,231,0,0,0,0,8,0,0,1,0,0,19,11,37,0,0,0,27,0,0
"33",37108,1,0,0,0,0,0,0,0,0,0,0,0,0,0,0,0,0,0,0,0,0,0,0,0,0
"34",399781,1,0,0,0,0,0,0,2,2,0,0,0,0,0,0,0,0,0,0,0,0,0,0,0,0
"35",445684,1,0,0,0,1,0,0,0,2,0,0,0,0,0,0,0,0,0,0,0,0,0,1,0,0
"36",490711,1,5,0,0,2,3,0,0,14,0,0,1,1,3,2,0,1,0,3,3,1,0,2,3,0
"37",493803,1,0,0,0,0,0,0,0,0,0,0,0,0,0,0,0,0,0,0,1,0,0,0,0,0
"38",558016,1,0,0,1,4,0,0,5,1,0,0,1,0,0,3,0,1,0,1,3,2,0,4,0,0
"39",576790,1,0,0,0,0,0,0,0,0,0,0,0,0,0,0,0,0,0,0,0,0,0,0,0,0
"40",682370,1,0,0,0,0,0,0,0,0,0,0,0,0,0,0,0,0,25,0,0,0,0,0,0,0
"41",687329,1,0,0,0,2,0,0,0,0,0,0,0,0,2,0,0,1,0,0,5,4,0,0,1,0
"42",68887,1,0,0,0,22,0,0,34,4,1,0,0,12,18,0,0,21,6,0,0,19,0,30,16,0
"43",985782,1,0,0,0,0,1,0,4,0,0,0,0,0,2,0,0,0,0,0,0,0,0,0,0,0
"44",10370,2,24,1,9,17,4,0,0,5,0,1,28,6,0,24,1,8,11,2,111,2,2,24,2,0
"45",1285382,2,0,0,0,0,0,0,0,0,0,0,1,0,3,0,0,0,6,0,0,0,1,0,0,0
"46",255431,2,0,0,16,13,5,0,24,9,14,2,0,0,5,0,32,3,120,171,2,0,0,0,0,0
"47",31552,2,5,2,5,1,7,5,3,4,25,3,10,98,28,45,6,6,3,25,34,101,117650,10,1,0
"48",320846,2,1,0,0,0,0,0,0,0,0,0,0,0,0,0,0,0,0,0,0,0,0,0,0,0
"49",331278,2,0,0,0,0,4,0,0,0,0,0,0,0,0,0,0,0,2,0,0,0,1,0,0,0
"50",756282,2,0,0,0,0,0,0,0,0,0,0,0,0,0,0,0,0,0,0,0,0,0,0,0,0
"51",985780,2,0,0,0,0,0,0,2,0,0,0,0,0,5,0,0,0,0,39,0,0,0,0,0,0
"52",988656,2,0,0,0,4,2,0,0,6,0,1,0,1,0,0,3,2,1,10,1,0,10,0,0,9
"53",10310,3,0,0,0,0,0,0,0,0,0,0,0,1,0,1,0,0,0,1,0,0,0,0,0,0
"54",1327993,3,0,0,0,0,0,48,0,0,0,1,0,0,6,0,0,0,0,0,0,1,0,0,0,0
"55",1349410,3,15,3,3,12,7,0,3,8,5,16,17,6,0,18,0,10,5,10,143,16,0,28,1,0
"56",146015,3,3,0,1,1,1,0,0,1,0,0,7,0,1,5,0,1,0,0,7,1,0,3,0,0
"57",1484958,3,14,4,15,7,9,10,131,6,35,4,24,16,25,62,14,71,9,32,167,151,172568,14,6,1
"58",1582152,3,0,0,0,0,0,0,0,0,0,0,0,0,3,0,0,0,0,0,0,0,0,0,0,0
"59",251749,3,6,2,4,9,2,0,5,8,0,0,3,3,0,10,0,1,4,1,5,0,1,13,0,3
"60",333754,3,7,1,4,0,21,14,3,1,12,8,8,752,1861,22,4,3,1,7,17,55,63771,2,1,0
"61",333770,3,7,1,5,6,4,7,167,5,26,7,20,47,23,53,12,26,5,24,144,138,177684,12,2,0
"62",696746,3,0,0,0,0,0,0,0,0,0,0,0,1,0,0,0,0,0,0,0,0,0,0,0,0
"63",1289596,4,0,0,2,0,0,0,0,1,2,0,0,0,0,0,0,0,340,0,1,0,34,0,1,0
"64",320839,4,0,0,0,0,0,0,0,0,0,0,0,0,0,0,0,0,0,0,0,0,0,0,0,0
"65",320840,4,0,0,0,0,0,0,0,0,0,0,0,0,8,0,0,0,3,0,0,0,0,1,23,0
"66",419435,4,10,0,12,3,4,0,5,8,34,1,48,12,1,25,0,11,5,5,1395,5,3,15,0,0
"67",10618,5,5,4,6,7,4,6,5,5,10,2,4,81353,14,5,4,16,2,7,4,15,45,8,4,5
"68",12402,5,0,0,0,0,0,0,1,0,0,462,2,2,27,0,0,0,7781,1,0,0,7,0,0,0
"69",1277891,5,0,0,0,0,0,0,0,0,0,0,1,8,3,0,0,0,0,0,0,0,5,0,0,0
"70",1279083,5,1,0,0,13,8,3,24,9,3,2,1,0,6,1,125,0,17,147,3,0,49,2,1,119
"71",130310,5,5,4,8,6,9,5,8,5,0,9,4,7,11,5,17,6,0,6,7,5,5,11,1,1
"72",1610831,5,4,1,6,22,1,0,2,2,0,0,12,4,1,7,0,13,6,3,24,1,1,26,1,1
"73",1278247,6,0,0,0,0,0,0,0,0,0,0,0,0,0,0,0,0,0,0,0,0,0,0,0,0
"74",1623298,6,0,0,0,0,0,0,0,0,0,0,0,0,13,0,0,0,0,0,0,0,1,0,0,0
"75",186617,6,1,0,0,2,1,18,12,1,0,3,0,28,4780,3,0,4,0,0,0,0,9,1,11,0
"76",337050,6,2,5,4,3,1,2,3,0,4,3,6,72249,6,4,2,5,1,5,2,18,6,3,2,5
"77",334210,7,12,7,10,19,114,6,26,5,7,38,25,63,18,135,24,346351,1645,44,49,20,11051,35,10,0
"78",1421421,8,9,2,8,4,2,0,36,3,0,1,1,0,0,12,0,7,1,0,5,0,0,6,2,0
"79",384848,8,0,0,10,0,0,18,183,0,0,0,0,0,0,7,0,0,0,0,0,9,0,0,0,0
"80",44028,8,6,1,9,3,2196,3,2,2,0,3,12,118803,805,3,6,12,2,9,8,32,6,8,1,12
"81",10585,9,10,5,17,6,4,10,6,8,13,12,10,6,6,10,4,6,0,7,5,7,29,10,3,0
"82",1296660,10,0,0,0,0,0,0,6,0,0,8,0,2,0,0,0,0,46,0,0,0,24,0,0,0
"83",691964,11,0,0,0,0,0,0,0,0,0,0,0,0,17,0,0,0,15,0,0,7,0,0,0,0
"84",10239,12,56,0,9,45,133,0,34,21,28,14,1,4,8,0,263,30,2632,446,12,0,0,0,36,0
"85",10596,13,6,9,8,11,9,6,5,8,33,12,16,299192,23,9,9,17,12,20,15,64,16,22,4,20
"86",1206110,13,0,0,46,0,0,0,0,0,0,0,0,0,0,14,0,49,0,0,0,0,0,0,0,46
"87",912321,13,0,0,0,2,0,0,0,0,6,1,0,1,0,0,0,0,0,0,0,0,0,0,0,0
"88",298338,14,0,0,1,0,0,0,0,0,0,0,0,0,0,0,0,1,0,0,0,0,0,0,0,0
"89",35237,14,0,8,3,3,0,1,0,3,0,0,3,0,14,7,0,1,0,1,9,1,0,3,0,0
"90",496874,15,22,0,0,0,0,0,15,2,0,0,1,69,3034,4,0,3,0,0,1,2,35,0,0,0
"91",346673,16,61,56,49,173,44,0,19,48,26,4,34,9,7,62,32,45,62,64,96,8,3,109,7,47
"92",372443,16,92,11,67,225,33,1,21,57,24,1,67,8,5,103,17,96,97,303,161,10,5,163,5,73
"93",1278246,17,0,0,0,1,1,0,0,1,0,0,0,1,2,1,0,0,0,0,0,0,0,2,0,0
"94",447909,19,0,0,0,0,0,2,1,0,0,0,0,0,0,0,0,0,0,0,0,0,0,0,4,0
"95",1500757,20,0,0,0,0,0,0,0,0,0,0,0,0,0,0,0,0,0,0,0,0,0,0,0,0
"96",202250,21,46,27,31,37,109,137,23,17,4,31,68,23,55,47,28,127,59,47,47,26,2897,42,27,0
"97",475178,22,0,0,0,0,0,0,0,2,26,0,0,0,81,1,0,2,1,0,0,76,0,0,2,0
"98",10479,24,0,0,0,0,0,1,0,0,0,2,0,0,0,0,0,0,0,0,0,0,36,2,0,0
"99",1589270,30,0,0,0,0,0,0,0,0,0,7,0,0,0,0,0,0,0,0,0,0,0,0,0,0
"100",12333,46,0,0,0,0,0,0,0,0,8,19,0,0,0,0,0,0,0,0,0,0,0,0,0,0
"101",35238,75,0,0,0,0,0,0,0,0,0,0,0,0,0,0,0,0,0,0,0,0,5,0,0,0
"102",980881,111,0,0,0,0,0,0,0,0,0,0,0,0,0,0,0,0,0,0,0,0,0,0,0,0
"103",10375,130,12,155264,12,16,12,11,200,12,234,17,8,18,405,19,3,11,0,16,8,3,8,14,6,0
"104",51033,146,0,0,0,0,0,0,0,0,0,0,0,0,0,0,0,0,0,0,0,0,0,0,0,0
"105",10611,197,0,0,0,0,0,0,0,0,0,0,1,24,0,0,0,0,0,0,0,0,2,0,0,0
"106",151340,229,301,20,17,30,1457,2094,489,1261,48,32,44,171965,449,80,32,74240,728,53,73876,120,101030,62,18,17
"107",39457,305,87,1,2,1,22,1,1,1,0,2,1,13837,1,2,0,4,1,2,161,3,1,0,0,0
"108",1,347,1232,1,146,58,451,57,252,975,102,1192,8,838,3207,83,39,206,6882,2155,43,366,418,110,936,954
"109",196894,384,289,0,99,314,361,12,211,163,326,39,3,81,637,9,1963,128,7251,2952,103,292,34,1,5,0
"110",1399941,449,25,0,15,0,10,0,0,1,0,2,0,0,17,0,0,1,1,153,0,0,2,0,42,0
"111",333766,523,0,0,0,0,0,1,0,27,0,0,0,1,0,0,0,0,7,0,0,0,23,0,0,0
"112",196896,528,0,0,0,0,0,0,21,0,0,0,0,1,1,0,0,2,7,0,0,1,0,0,47,0
"113",10376,710,52,913301,44,76,51,58,790,47,1607,104,31,46,2218,78,15,39,0,25,29,23,34,32,24,1
"114",1518022,723,0,0,0,0,1,0,0,0,4,0,0,1,129,0,0,3,0,219,0,26,0,0,0,0
"115",10359,0,1,0,0,0,1,1,1093,0,0,0,0,0,0,0,0,0,0,0,1,0,0,0,0,0
"116",10360,0,1,0,0,0,1,0,79,0,0,0,0,0,0,0,0,0,0,0,0,0,0,0,0,0
"117",10366,0,1,0,0,3,1,0,0,1,0,0,0,0,0,0,0,0,1,0,1,0,0,1,0,0
"118",10449,0,1,0,0,0,0,0,0,0,2,0,1,0,0,2,0,1,0,3,5,1,0,0,0,1
"119",10508,0,1,0,0,1,0,0,1,0,0,0,0,0,1,1,0,0,0,0,1,0,0,0,0,0
"120",10563,0,1,0,0,0,0,0,0,0,0,0,0,0,0,0,0,0,0,0,0,0,0,0,0,0
"121",10632,0,1,0,0,0,0,0,0,16,0,0,0,0,0,0,0,0,106,0,0,0,1,0,0,0
"122",1165908,0,1,0,0,1,0,0,0,3,0,0,0,0,0,3,0,1,6,0,0,0,1,1,0,0
"123",11676,0,1,0,0,26,0,0,4,0,0,0,1,0,0,0,0,0,10,0,2,0,0,0,2,4
"124",1204538,0,1,0,0,0,0,0,0,0,0,0,0,0,0,0,0,0,0,11,0,1,0,0,0,0
"125",12291,0,1,0,0,0,0,0,0,0,0,0,0,0,0,0,0,0,0,0,0,0,0,0,0,0
"126",1278254,0,1,0,1,0,0,0,0,0,0,0,1,0,0,3,0,0,1,0,0,0,0,1,0,0
"127",1327037,0,1,0,0,0,0,0,0,0,0,25,0,1,0,0,0,0,1,0,0,0,5,0,47,0
"128",1349409,0,1,0,0,0,0,36,0,1,1,0,0,0,0,3,0,1,0,2,21,1,0,4,2,0
"129",1367205,0,1,0,0,12,0,0,1,0,0,0,0,0,0,0,0,0,0,2,0,0,0,0,0,0
"130",1421424,0,1,0,0,2,0,1,0,2,0,0,1,0,0,1,0,1,0,0,1,0,0,0,0,0
"131",1493509,0,1,0,0,0,0,0,0,0,0,0,0,0,0,0,0,0,0,0,0,0,0,0,0,0
"132",1567014,0,1,0,0,0,0,0,0,12,0,4,0,0,0,0,0,0,0,0,0,0,32,0,1,0
"133",1567453,0,1,0,0,0,0,0,12,0,0,2,0,0,0,0,0,43,0,3,0,0,0,73,0,0
"134",1610872,0,1,0,0,0,0,0,0,0,0,0,0,0,0,0,0,0,6,0,0,0,0,0,0,0
"135",172667,0,1,0,4,0,2,0,1,3,0,0,0,1,0,0,0,0,0,56,1,0,0,0,0,0
"136",181083,0,1,0,0,0,0,2,2,0,0,4,1,0,0,0,2,0,1,0,1,1,0,1,322,3
"137",265522,0,1,0,0,0,2,0,0,0,0,0,3,0,0,5,0,2,2,1,12,0,0,0,0,0
"138",28883,0,1,0,0,7,0,34,21,5,1,0,0,0,1,0,1,0,9,44,0,1,1,0,0,0
"139",294382,0,1,0,0,0,0,0,0,0,1,2,0,0,0,0,0,0,797,0,0,0,0,1,0,0
"140",329157,0,1,0,2,3,1,1,2,0,1,1,0,2,0,1,41,1,27,85,2,3,7,0,0,1
"141",338327,0,1,0,0,0,0,36,0,0,0,0,0,2,0,1,0,0,2,0,1,0,364,1,0,0
"142",44088,0,1,0,0,0,0,0,0,1,0,0,0,0,0,0,0,0,0,0,1,0,0,1,0,0
"143",45455,0,1,958,0,1,0,0,10,0,9,0,2,0,5,2,0,0,0,1,1,0,66,3,0,0
"144",45617,0,1,0,0,0,0,0,0,0,0,1,0,0,0,0,0,0,0,0,0,0,0,0,2,0
"145",471182,0,1,0,0,0,0,0,0,0,0,0,0,0,0,0,0,0,0,0,0,0,0,0,0,0
"146",646413,0,1,1,1,0,1,0,0,0,0,0,1,0,0,1,0,0,11189,0,2,0,0,1,0,0
"147",755273,0,1,1,0,2,2,0,0,0,0,0,1,0,0,1,0,1,0,1,2,0,0,1,0,0
"148",759753,0,1,0,0,0,0,0,0,0,0,0,0,0,0,0,0,0,0,0,0,0,0,0,0,0
"149",936059,0,1,0,0,2,1,0,1,0,0,0,0,0,0,0,0,2,0,2,0,0,0,2,0,1
"150",10509,0,2,0,4,1,2,1,0,1,4,0,2,1,1,5,2,0,15,0,4,1,1,4,2,0
"151",180230,0,2,0,0,0,8,0,0,0,0,0,1,0,0,1,0,0,1,4,6,1,0,1,0,0
"152",181212,0,2,0,0,0,0,0,0,0,0,0,0,0,0,1,0,0,0,0,0,0,0,0,0,0
"153",37116,0,2,0,2,0,0,1,300,1,12,3,3,0,0,8,3,43,38,5,146,36,36870,1,0,0
"154",857312,0,2,0,0,0,0,0,0,0,1,1,0,0,25,0,0,0,1,0,0,0,0,1,0,0
"155",764030,0,3,0,8,40,8,0,4,2,4,0,7,1,0,5,4,13,7,3,12,2,0,13,0,98
"156",104664,0,4,0,0,19,5,0,0,1,1,0,3,0,0,4,0,5,6,9,5,0,0,2,2,26
"157",322019,0,4,0,0,9,2,0,0,3,0,0,9,1,1,5,19,4,0,2,4,1,0,20,0,0
"158",150546,0,5,0,0,0,0,1,4,0,1,0,0,0,0,0,0,6,0,0,1,0,471,0,0,0
"159",1194091,0,7,1,1,2,1,0,4,1,0,2,2,0,1,4,0,5,1,1,6,0,0,4,1,1
"160",120381,0,7,0,1,2,0,0,0,0,1,2,1,5,74,6,1,27982,1,7,1,4,37,6,0,0
"161",82830,0,8,0,3,9,5,0,0,8,1,0,6,0,0,4,0,3,6,0,5,1,3,1,0,6
"162",578234,0,9,0,40,0,0,0,1,0,0,0,0,24,1332,3,0,15,0,0,1,0,0,0,0,0
"163",1623300,0,19,0,0,0,0,0,0,0,0,0,0,0,0,0,0,0,0,0,0,0,0,0,0,0
"164",735496,0,1572,2,0,0,0,0,0,1,4,0,0,11,0,1,1,532,28,1,2,1,139,0,0,0
"165",10257,0,0,1,0,0,0,0,0,0,0,0,0,0,0,0,0,0,0,0,0,0,0,0,0,0
"166",10292,0,0,1,0,3,0,0,0,0,0,0,1,0,0,0,0,0,0,0,0,0,0,1,0,0
"167",10353,0,0,1,0,0,0,0,0,0,0,0,0,0,0,0,0,0,0,0,0,0,0,0,0,0
"168",10358,0,0,1,0,0,0,0,15,0,0,0,0,0,0,0,0,1,0,54,0,0,1,0,0,0
"169",106331,0,0,1,0,2,0,0,0,0,0,0,0,0,0,0,0,0,0,0,0,0,0,0,0,0
"170",159602,0,0,1,0,0,0,0,0,0,0,0,0,0,0,0,0,0,0,0,0,0,0,0,0,0
"171",203134,0,0,1,0,0,0,0,0,0,0,0,0,0,0,0,0,0,0,0,0,0,0,0,0,0
"172",212719,0,0,1,0,0,0,0,0,0,0,0,0,0,0,0,0,0,0,0,0,0,0,0,0,0
"173",291837,0,0,1,0,0,0,0,0,0,0,0,0,0,0,0,0,0,0,0,0,0,0,0,0,0
"174",379529,0,0,1,0,0,0,0,0,0,1,0,0,0,0,0,0,0,0,0,0,0,0,1,0,0
"175",47929,0,0,1,0,16,0,0,0,0,0,0,0,0,0,0,0,0,0,0,0,0,0,0,0,0
"176",548688,0,0,1,0,0,0,0,0,0,0,0,0,0,0,0,0,0,0,0,0,0,0,0,0,0
"177",654916,0,0,1,0,0,0,0,0,0,0,0,0,0,0,0,0,0,0,0,0,0,0,0,0,0
"178",693272,0,0,1,1,0,0,0,6,0,0,0,1,1,1,1,0,0,10,0,0,0,1,0,0,0
"179",89382,0,0,1,0,0,0,0,0,0,0,0,0,0,0,0,0,0,0,0,0,0,0,0,0,0
"180",106332,0,0,2,0,2,1,0,0,0,0,0,0,0,0,0,0,0,0,0,0,0,0,0,0,0
"181",1564903,0,0,2,0,0,0,0,0,0,0,0,0,0,0,0,0,0,0,0,0,0,0,0,0,0
"182",212727,0,0,2,0,0,0,0,0,0,0,0,0,0,0,0,0,0,0,0,0,0,0,0,0,0
"183",323231,0,0,2,0,0,0,0,0,0,0,0,0,0,0,0,0,0,0,0,0,0,0,0,0,0
"184",37119,0,0,3,0,0,0,0,0,0,0,0,0,772,0,0,0,0,0,1,0,0,0,0,0,0
"185",10374,0,0,115,0,0,1,0,0,0,0,0,0,0,0,0,0,0,0,0,0,0,0,0,0,0
"186",1195167,0,0,0,1,0,0,0,0,0,0,0,0,0,0,0,0,2,0,0,0,0,0,0,0,0
"187",1498168,0,0,0,1,0,0,1,7,0,0,0,0,1,0,1,0,0,0,0,0,0,0,0,0,0
"188",1640885,0,0,0,1,0,0,0,0,0,0,0,0,0,1,0,0,1,4,0,1,3,0,0,0,0
"189",28871,0,0,0,1,0,0,0,0,0,0,0,0,0,0,0,0,0,0,0,0,0,0,0,0,0
"190",333771,0,0,0,1,0,1,1,41,1,2,0,0,417,751,7,0,22,117,2,2803,15,12610,519,0,0
"191",37115,0,0,0,1,0,0,0,0,0,1,0,0,2,0,0,0,4,0,0,9,0,408,0,0,0
"192",37957,0,0,0,1,1,0,0,0,2,0,0,0,0,0,0,0,0,0,0,0,0,0,0,0,0
"193",508419,0,0,0,1,0,0,0,0,0,0,0,0,0,0,0,0,0,0,0,0,0,0,0,0,0
"194",549779,0,0,0,1,0,0,0,0,1,0,0,0,0,2,0,0,0,0,0,0,0,0,1,2,0
"195",727977,0,0,0,1,0,0,0,0,0,0,0,0,0,0,0,0,0,0,0,0,0,0,0,0,0
"196",990305,0,0,0,1,0,0,0,0,0,0,0,0,1,0,0,0,0,0,0,1,0,0,0,0,0
"197",11652,0,0,0,2,0,0,0,0,0,0,0,0,0,0,0,0,0,0,0,0,0,0,0,0,1
"198",1486429,0,0,0,2,0,0,0,10,10,0,0,0,0,0,0,7,1,0,52,1,0,0,0,0,0
"199",1597976,0,0,0,2,1,0,0,1,0,0,0,0,0,1,2,0,0,0,1,0,0,0,0,0,0
"200",931244,0,0,0,2,1,0,1,1,0,1,0,1,0,0,1,1,0,0,0,30,3,2464,2,0,0
"201",1536605,0,0,0,3,0,5,0,0,1,1,0,0,0,0,0,38,1,4,44,0,0,0,0,0,0
"202",235201,0,0,0,6,0,0,0,0,0,0,0,0,0,0,0,0,0,0,0,0,0,0,0,0,0
"203",1204539,0,0,0,9,0,0,0,0,0,0,0,0,0,0,5,0,0,0,0,0,0,0,0,0,0
"204",10699,0,0,0,13,0,0,0,138,0,10,2,1,1,15,15,0,2,654,12,1,64,0,0,0,0
"205",1416334,0,0,0,15,0,0,0,0,1,0,0,0,0,3,0,0,1,0,0,0,0,0,0,0,57
"206",1552735,0,0,0,30,0,5,0,0,0,0,0,0,0,0,9,0,9,0,0,0,0,0,0,79,0
"207",12417,0,0,0,120,0,0,0,1,0,0,0,1,0,2,0,0,0,1,0,0,1,0,0,0,1027
"208",101850,0,0,0,0,1,0,0,0,0,0,0,0,0,0,0,0,0,0,0,0,0,0,0,0,0
"209",1051631,0,0,0,0,1,0,0,0,0,0,0,1,0,0,0,0,1,2996,0,0,0,0,0,2,0
"210",1128424,0,0,0,0,1,0,0,0,0,0,0,0,0,0,0,0,0,0,0,0,0,0,1,0,0
"211",11745,0,0,0,0,1,0,0,0,0,0,0,0,0,0,0,0,0,0,0,0,0,0,0,0,0
"212",11775,0,0,0,0,1,0,0,0,0,0,0,0,0,0,0,0,0,0,0,0,0,0,0,0,0
"213",129951,0,0,0,0,1,0,0,0,0,1,0,0,0,0,0,0,0,0,0,0,0,0,0,0,0
"214",1421423,0,0,0,0,1,0,0,0,1,0,0,0,0,0,0,0,0,0,0,1,0,0,1,0,0
"215",1474867,0,0,0,0,1,0,0,0,0,0,0,0,0,0,0,0,0,0,0,0,0,0,0,0,0
"216",1642929,0,0,0,0,1,0,0,18,1,0,0,0,0,0,0,0,0,0,0,0,0,0,0,0,0
"217",176652,0,0,0,0,1,0,0,0,0,0,0,0,0,0,0,0,0,0,0,0,0,0,0,0,0
"218",187397,0,0,0,0,1,0,0,0,0,0,0,0,0,0,3,0,0,0,1,0,0,0,1,0,0
"219",29250,0,0,0,0,1,1,0,0,0,0,0,0,0,0,0,0,0,1,0,0,0,0,3,0,0
"220",307456,0,0,0,0,1,0,0,0,0,0,0,0,0,0,0,0,0,0,0,0,0,0,0,0,0
"221",315953,0,0,0,0,1,0,0,0,0,0,0,0,0,0,0,0,0,0,0,0,0,0,0,0,0
"222",317858,0,0,0,0,1,0,0,0,0,0,0,0,0,0,0,0,1,0,0,0,0,0,0,0,0
"223",317878,0,0,0,0,1,0,0,0,0,0,0,0,0,0,0,0,0,0,1,1,0,0,0,0,0
"224",35244,0,0,0,0,1,0,0,0,5,0,1,0,0,0,0,0,0,0,0,0,0,0,0,0,0
"225",359919,0,0,0,0,1,1,0,0,0,0,0,0,0,0,0,0,0,0,0,0,0,0,0,0,0
"226",36355,0,0,0,0,1,0,0,0,0,0,0,0,0,0,0,0,0,0,0,0,0,0,1,0,0
"227",413066,0,0,0,0,1,0,0,0,0,0,13,1,16,0,0,0,0,5,0,0,0,0,0,0,0
"228",445685,0,0,0,0,1,0,0,0,1,0,0,0,0,0,0,0,0,0,0,0,0,0,0,0,0
"229",445688,0,0,0,0,1,0,0,0,1,1,0,0,0,0,0,0,0,0,0,0,0,0,0,0,0
"230",50292,0,0,0,0,1,0,0,0,0,0,0,0,0,0,1,15,0,0,0,0,0,0,1,0,0
"231",51368,0,0,0,0,1,0,0,0,0,0,0,0,0,0,0,0,0,0,0,0,0,4,0,0,0
"232",62805,0,0,0,0,1,0,0,0,0,0,0,0,0,0,0,0,0,0,0,0,0,0,0,0,0
"233",652668,0,0,0,0,1,0,0,0,0,0,0,0,0,0,0,0,0,0,0,0,0,0,0,0,0
"234",889813,0,0,0,0,1,0,0,0,0,0,0,0,0,0,0,0,0,0,0,0,0,0,0,0,0
"235",948870,0,0,0,0,1,0,0,0,0,0,0,0,0,0,0,0,0,0,0,0,0,0,0,0,0
"236",10593,0,0,0,0,2,0,0,0,1,17,1,4,2,5,1,1,2,38,0,1,0,0,1,0,0
"237",114769,0,0,0,0,2,0,0,0,0,0,0,0,0,0,0,0,0,0,0,0,0,0,0,0,0
"238",11723,0,0,0,0,2,0,0,0,1,0,0,0,0,0,0,0,0,0,0,0,0,0,0,0,0
"239",1195364,0,0,0,0,2,0,0,0,0,0,0,0,0,0,0,0,0,0,0,0,0,0,0,0,0
"240",1298531,0,0,0,0,2,0,0,0,0,0,0,0,0,0,0,0,1,0,0,1,0,0,0,0,0
"241",1589733,0,0,0,0,2,0,0,0,0,0,0,0,0,0,0,0,0,0,0,0,0,0,0,0,0
"242",307454,0,0,0,0,2,0,0,0,0,0,0,1,0,0,0,0,0,0,0,0,0,0,1,0,0
"243",427343,0,0,0,0,2,0,0,0,0,0,0,0,0,0,0,0,0,0,0,0,0,0,0,0,0
"244",523909,0,0,0,0,2,0,0,0,0,0,0,0,0,0,0,0,0,0,0,0,0,0,0,0,0
"245",1144381,0,0,0,0,3,0,0,0,1,0,0,1,0,0,2,0,3,0,0,3,0,0,0,0,1
"246",35342,0,0,0,0,3,0,0,0,8,0,0,0,0,0,0,0,0,0,0,0,0,0,0,0,0
"247",573175,0,0,0,0,3,12,1,0,1,36,0,0,2,0,0,111,2,6,491,2,0,0,0,0,0
"248",687349,0,0,0,0,3,0,0,0,0,0,0,0,0,0,0,0,0,0,0,0,9,0,0,0,0
"249",754068,0,0,0,0,3,0,0,0,1,3,0,0,1,0,1,0,1,0,0,4,0,0,2,0,0
"250",927810,0,0,0,0,3,0,0,0,0,0,0,0,0,0,0,0,0,0,0,0,0,0,0,0,0
"251",933845,0,0,0,0,3,0,0,0,0,0,0,0,0,0,0,0,0,0,0,0,0,0,0,0,0
"252",942165,0,0,0,0,3,1,0,0,0,0,0,0,0,1,0,0,0,1,0,1,5,0,0,0,0
"253",128706,0,0,0,0,4,0,0,0,0,0,0,0,0,1,0,0,0,0,0,0,0,5,0,0,0
"254",1367203,0,0,0,0,4,0,0,0,0,0,0,0,0,0,0,0,0,0,0,0,0,0,0,0,0
"255",181216,0,0,0,0,4,0,0,0,1,0,0,0,0,0,0,0,2,0,0,1,0,0,0,0,0
"256",35265,0,0,0,0,4,1,0,0,0,0,0,0,0,0,0,0,0,0,0,0,0,0,0,0,0
"257",1084719,0,0,0,0,5,0,4,2,0,2,1,1,1,0,1,0,0,0,0,0,1,0,0,0,0
"258",363628,0,0,0,0,5,0,0,0,0,0,0,0,0,0,0,0,0,0,0,0,0,0,0,0,0
"259",518830,0,0,0,0,5,0,0,0,0,0,0,0,0,0,0,0,0,0,0,0,0,0,0,0,0
"260",10501,0,0,0,0,8,0,0,0,1,0,0,0,0,0,0,0,0,1,1,0,0,0,1,0,0
"261",111469,0,0,0,0,8,0,0,3,0,0,0,0,0,3,0,13,0,0,6,0,0,0,0,0,0
"262",39640,0,0,0,0,11,0,0,0,0,0,0,1,0,0,0,0,0,0,0,0,0,0,0,0,0
"263",151599,0,0,0,0,13,0,0,0,2,0,1,0,4,7,0,53,0,12,0,0,0,0,0,0,0
"264",1605721,0,0,0,0,14,0,0,0,0,0,1,1,0,1,2,0,1,0,42,1,1,3,2,3,0
"265",10345,0,0,0,0,17,0,0,16,0,0,0,0,0,0,0,0,1,1,1,0,0,0,0,0,0
"266",1535248,0,0,0,0,21,0,0,0,0,0,0,0,0,0,0,0,0,0,0,0,0,0,0,0,0
"267",10325,0,0,0,0,0,1,0,0,2,0,0,0,0,0,0,0,0,0,0,0,0,0,0,0,0
"268",1034101,0,0,0,0,0,1,0,0,0,0,0,0,0,0,0,0,0,0,0,0,0,0,0,0,0
"269",10744,0,0,0,0,0,1,0,0,1,0,0,0,1,0,0,0,3,0,8,2,0,3,0,0,3
"270",1137745,0,0,0,0,0,1,0,0,0,0,0,0,0,0,0,0,0,0,0,0,0,0,0,0,0
"271",1654930,0,0,0,0,0,1,0,0,0,0,0,0,0,0,0,0,0,0,0,0,0,0,0,0,0
"272",337041,0,0,0,0,0,1,0,0,1,0,0,0,1,1,0,0,0,0,0,0,0,0,0,0,0
"273",431627,0,0,0,0,0,1,0,0,0,0,0,0,0,0,0,0,0,0,0,0,0,0,0,0,0
"274",458639,0,0,0,0,0,1,0,0,0,0,0,0,0,0,0,0,0,0,0,0,0,21,0,0,0
"275",537874,0,0,0,0,0,1,0,0,1,4,0,0,0,0,0,0,2,4634,0,0,0,0,0,0,0
"276",929833,0,0,0,0,0,1,0,0,0,0,0,0,0,0,0,0,0,0,0,0,0,0,0,0,0
"277",35287,0,0,0,0,0,2,0,0,0,0,0,0,0,0,0,0,0,0,0,0,0,0,0,0,0
"278",431894,0,0,0,0,0,2,0,0,0,0,0,0,0,4,0,0,0,0,0,0,0,0,0,0,0
"279",480808,0,0,0,0,0,2,0,0,0,0,0,0,0,0,0,0,0,0,0,0,0,0,0,0,0
"280",46924,0,0,0,0,0,3,0,0,0,0,1,0,0,0,2,2,0,0,0,0,0,0,0,2,0
"281",654911,0,0,0,0,0,3,0,0,0,0,0,0,0,0,0,0,0,0,0,0,0,0,0,0,0
"282",432261,0,0,0,0,0,7,0,0,0,0,0,1,0,3,0,0,0,0,8,0,0,0,0,0,0
"283",85618,0,0,0,0,0,9,0,0,0,0,0,0,0,0,0,0,0,0,0,0,0,0,0,0,0
"284",1141137,0,0,0,0,0,18,0,0,0,0,0,0,0,0,0,0,0,0,2,0,0,0,0,0,0
"285",102294,0,0,0,0,0,0,1,0,0,0,0,0,0,0,0,0,0,0,1,0,0,1,0,0,0
"286",10590,0,0,0,0,0,0,1,441,0,1,0,0,699,0,0,0,0,0,1,7,2,1542,1,0,0
"287",1211282,0,0,0,0,0,0,1,1,0,0,3,0,0,0,0,0,0,0,0,0,0,0,0,0,0
"288",1567485,0,0,0,0,0,0,1,0,0,0,0,0,0,0,0,0,0,0,0,0,0,0,0,170,2
"289",333750,0,0,0,0,0,0,1,0,0,0,0,2,128,3,0,0,3,1,0,4,0,130,0,0,0
"290",632112,0,0,0,0,0,0,2,0,0,0,0,0,0,0,0,0,0,22,0,0,0,0,0,0,0
"291",1461100,0,0,0,0,0,0,4,0,0,0,0,0,0,0,0,0,0,0,0,0,0,0,0,0,0
"292",171370,0,0,0,0,0,0,4,1,0,0,0,0,739,0,0,0,0,0,0,0,0,273,0,0,0
"293",38018,0,0,0,0,0,0,5,5,0,10,4,0,56,0,0,0,0,71,2,0,3,61,0,0,0
"294",1128140,0,0,0,0,0,0,7,1,0,0,2,0,289,6,0,0,0,0,0,0,42,0,0,0,0
"295",1636270,0,0,0,0,0,0,7,0,0,0,0,0,0,0,0,0,0,0,0,0,42,0,0,0,0
"296",37114,0,0,0,0,0,0,7,0,0,0,0,0,2,1667,2,0,0,1,0,1,0,16,2,0,0
"297",1527770,0,0,0,0,0,0,25,0,0,0,0,0,0,1,0,0,0,0,3,0,3,0,0,0,0
"298",1211387,0,0,0,0,0,0,0,1,0,0,0,0,1,0,0,0,0,0,0,0,0,0,0,0,0
"299",1234615,0,0,0,0,0,0,0,1,0,0,0,0,0,0,0,0,0,0,0,0,0,0,0,0,0
"300",1246651,0,0,0,0,0,0,0,1,0,0,0,0,0,1,0,0,0,0,0,0,0,0,0,0,0
"301",1327036,0,0,0,0,0,0,0,1,0,0,0,0,0,0,0,0,0,0,0,0,0,0,0,0,0
"302",1327935,0,0,0,0,0,0,0,1,0,0,0,0,0,0,0,0,0,0,0,0,0,0,0,0,0
"303",1340769,0,0,0,0,0,0,0,1,0,0,0,0,0,0,0,0,0,0,0,0,0,0,0,0,0
"304",1391455,0,0,0,0,0,0,0,1,0,0,0,0,0,0,0,0,0,0,0,0,0,0,0,0,0
"305",1458860,0,0,0,0,0,0,0,1,0,0,0,0,0,0,0,0,0,0,0,0,0,0,0,0,0
"306",1500386,0,0,0,0,0,0,0,1,0,0,0,0,14,0,0,0,0,0,0,0,0,0,0,0,0
"307",1640978,0,0,0,0,0,0,0,1,0,0,0,0,0,0,0,0,7,0,7,0,0,1,0,0,0
"308",196895,0,0,0,0,0,0,0,1,0,0,0,0,0,0,0,0,0,0,0,0,0,2,0,0,0
"309",201846,0,0,0,0,0,0,0,1,0,0,0,0,0,0,0,0,0,0,0,0,0,0,0,0,0
"310",320841,0,0,0,0,0,0,0,1,0,0,0,0,0,0,0,0,0,0,0,0,0,0,1,0,0
"311",546805,0,0,0,0,0,0,0,1,0,0,0,0,0,0,0,0,0,0,0,0,0,0,0,0,0
"312",764595,0,0,0,0,0,0,0,1,0,0,0,0,0,0,0,0,0,0,0,0,0,0,0,0,0
"313",79205,0,0,0,0,0,0,0,1,0,0,0,0,0,0,0,0,0,0,0,0,0,0,0,0,0
"314",889876,0,0,0,0,0,0,0,1,0,0,0,0,0,0,0,0,0,0,0,0,0,0,0,0,0
"315",93678,0,0,0,0,0,0,0,1,0,0,0,0,0,10,0,0,0,0,0,59,11,0,0,1,0
"316",10860,0,0,0,0,0,0,0,2,0,0,0,0,0,0,0,0,0,0,0,0,0,0,0,0,0
"317",292029,0,0,0,0,0,0,0,2,0,0,0,0,0,0,0,0,0,0,0,0,0,0,0,0,0
"318",754044,0,0,0,0,0,0,0,2,0,0,0,0,0,0,0,0,0,0,0,0,0,0,0,0,0
"319",333753,0,0,0,0,0,0,0,3,0,0,0,0,0,0,0,0,0,0,0,1,1,421,0,0,0
"320",490892,0,0,0,0,0,0,0,3,0,6,0,0,0,0,0,0,0,0,0,0,0,0,0,0,0
"321",925984,0,0,0,0,0,0,0,3,0,0,0,0,0,0,0,0,0,0,0,0,0,0,0,0,0
"322",396034,0,0,0,0,0,0,0,4,0,0,9,0,0,0,0,0,0,0,0,0,0,3,0,0,0
"323",10662,0,0,0,0,0,0,0,5,0,27,0,0,1,0,0,0,0,0,0,0,0,0,0,0,0
"324",540068,0,0,0,0,0,0,0,5,0,0,0,0,0,0,0,0,0,0,0,0,0,0,0,0,0
"325",573176,0,0,0,0,0,0,0,5,0,0,0,0,0,0,0,0,0,0,0,0,0,0,0,0,0
"326",10362,0,0,0,0,0,0,0,7,0,0,0,0,0,0,0,0,0,0,0,0,0,0,0,0,0
"327",1647386,0,0,0,0,0,0,0,7,0,0,0,0,9,893,0,0,0,0,0,0,0,0,0,0,0
"328",990303,0,0,0,0,0,0,0,7,1,0,0,0,1,0,0,0,1,0,0,2,1,1058,0,0,0
"329",1458842,0,0,0,0,0,0,0,9,0,0,4,0,8,820,1,0,0,0,0,0,0,0,0,0,0
"330",1034805,0,0,0,0,0,0,0,11,0,0,0,0,0,0,0,0,0,0,0,0,0,0,0,0,0
"331",573174,0,0,0,0,0,0,0,12,0,0,0,0,0,0,0,0,0,0,0,0,0,0,0,0,0
"332",1034771,0,0,0,0,0,0,0,28,0,0,0,0,0,0,0,0,0,0,0,0,0,0,0,2,0
"333",1127514,0,0,0,0,0,0,0,33,0,0,0,0,0,0,0,0,0,0,0,0,0,0,0,0,0
"334",37120,0,0,0,0,0,0,0,75,845,2,0,0,0,0,0,0,0,0,0,0,0,0,0,0,0
"335",754042,0,0,0,0,0,0,0,102,0,0,0,0,0,0,0,0,0,0,0,0,0,0,0,0,0
"336",764561,0,0,0,0,0,0,0,170,0,0,1,0,0,8,0,0,0,0,0,0,2,0,0,0,0
"337",1289597,0,0,0,0,0,0,0,195,0,0,13,0,0,0,0,0,0,98,0,0,0,0,0,1,0
"338",10385,0,0,0,0,0,0,0,0,1,0,0,0,0,0,0,0,0,0,0,0,0,0,0,0,0
"339",10492,0,0,0,0,0,0,0,0,1,1,0,0,0,0,0,0,0,27,0,0,0,0,0,0,0
"340",12072,0,0,0,0,0,0,0,0,1,0,0,0,0,0,0,0,0,0,0,1,0,0,2,0,0
"341",1289473,0,0,0,0,0,0,0,0,1,0,0,0,0,0,0,0,0,0,0,0,0,0,1,0,0
"342",1289595,0,0,0,0,0,0,0,0,1,0,0,0,0,0,0,0,0,0,0,0,0,0,0,0,0
"343",1335230,0,0,0,0,0,0,0,0,1,0,1,0,0,0,0,0,0,0,0,0,0,1,0,0,0
"344",151757,0,0,0,0,0,0,0,0,1,0,0,1,0,0,0,0,0,0,0,0,0,0,0,0,0
"345",1520006,0,0,0,0,0,0,0,0,1,0,0,0,0,0,0,0,0,0,0,0,0,0,0,0,0
"346",1636617,0,0,0,0,0,0,0,0,1,0,0,0,0,0,0,0,0,1,0,0,0,2,0,0,0
"347",31548,0,0,0,0,0,0,0,0,1,0,0,0,0,0,0,0,0,0,0,0,0,0,0,0,0
"348",372457,0,0,0,0,0,0,0,0,1,1,0,0,0,0,0,0,1,0,0,0,0,0,0,0,0
"349",40050,0,0,0,0,0,0,0,0,1,0,0,0,0,0,0,0,0,0,0,0,0,0,0,0,0
"350",445686,0,0,0,0,0,0,0,0,1,0,0,0,0,0,0,0,0,0,0,0,0,0,0,0,0
"351",489089,0,0,0,0,0,0,0,0,1,0,0,0,0,0,0,0,0,0,0,0,0,0,0,0,0
"352",749413,0,0,0,0,0,0,0,0,1,0,0,0,0,0,0,0,0,0,0,0,0,0,0,9,0
"353",754057,0,0,0,0,0,0,0,0,1,0,0,0,0,0,0,0,0,0,0,0,0,4,0,0,0
"354",862909,0,0,0,0,0,0,0,0,1,0,0,0,0,0,0,0,0,0,0,0,0,0,0,0,0
"355",90410,0,0,0,0,0,0,0,0,1,0,8,0,0,0,0,0,10,31,0,0,0,0,0,0,1
"356",941058,0,0,0,0,0,0,0,0,1,0,0,0,0,0,0,0,0,0,0,0,0,0,0,0,0
"357",10598,0,0,0,0,0,0,0,0,2,0,0,0,2,0,0,0,0,29,0,0,0,1,0,0,0
"358",633135,0,0,0,0,0,0,0,0,2,0,0,0,0,0,0,0,0,6,0,0,0,0,0,0,0
"359",10604,0,0,0,0,0,0,0,0,3,0,0,0,0,0,0,0,0,0,0,0,0,0,0,0,0
"360",337051,0,0,0,0,0,0,0,0,3,0,0,0,3,0,0,0,1,24,0,0,0,0,0,0,0
"361",566270,0,0,0,0,0,0,0,0,3,0,0,0,0,0,0,0,0,0,0,0,0,0,0,0,0
"362",915427,0,0,0,0,0,0,0,0,3,0,0,0,0,0,0,0,0,0,0,0,0,0,0,0,0
"363",587348,0,0,0,0,0,0,0,0,4,0,0,0,0,0,0,0,0,0,0,0,0,0,0,0,0
"364",696069,0,0,0,0,0,0,0,0,4,0,0,0,0,0,0,0,0,0,0,0,0,0,0,0,0
"365",278008,0,0,0,0,0,0,0,0,7,0,0,0,0,1,0,0,0,7,0,0,0,0,0,0,0
"366",10608,0,0,0,0,0,0,0,0,10,0,0,0,0,0,0,0,0,0,0,0,0,0,0,0,0
"367",10579,0,0,0,0,0,0,0,0,13,0,0,0,0,0,0,0,9,0,0,0,1,0,0,0,0
"368",1211417,0,0,0,0,0,0,0,0,32,40,0,0,0,0,0,0,0,0,19,0,0,0,0,0,0
"369",10586,0,0,0,0,0,0,0,0,247,1,0,0,1,0,0,0,0,1249,0,1,0,0,0,0,0
"370",10398,0,0,0,0,0,0,0,0,0,1,0,0,0,0,0,0,0,0,0,1,0,0,3,0,0
"371",10743,0,0,0,0,0,0,0,0,0,1,0,0,0,0,0,0,0,0,0,0,0,0,0,0,0
"372",461711,0,0,0,0,0,0,0,0,0,1,0,0,0,1,0,0,0,0,0,0,0,0,0,0,0
"373",542836,0,0,0,0,0,0,0,0,0,1,2458,0,0,0,0,0,0,0,0,0,0,0,0,0,0
"374",85154,0,0,0,0,0,0,0,0,0,1,0,0,0,0,0,0,0,459,0,0,0,0,0,0,0
"375",10595,0,0,0,0,0,0,0,0,0,3,0,0,47,0,0,0,1,2,0,0,0,0,0,0,0
"376",1126885,0,0,0,0,0,0,0,0,0,3,0,0,0,0,0,0,0,0,0,0,0,0,0,0,0
"377",306552,0,0,0,0,0,0,0,0,0,4,0,0,0,0,0,0,0,0,0,0,0,0,0,0,0
"378",10456,0,0,0,0,0,0,0,0,0,7,0,0,0,0,0,0,0,0,0,0,0,0,0,0,0
"379",1239381,0,0,0,0,0,0,0,0,0,7,0,0,0,0,0,0,0,128,0,0,0,0,0,0,0
"380",32604,0,0,0,0,0,0,0,0,0,7,0,0,0,0,0,0,11,0,0,0,0,0,0,0,0
"381",871584,0,0,0,0,0,0,0,0,0,9,0,0,0,0,0,0,0,0,0,0,0,0,0,2,0
"382",1392231,0,0,0,0,0,0,0,0,0,10,0,0,0,0,0,0,0,89,0,0,0,0,0,0,0
"383",186616,0,0,0,0,0,0,0,0,0,11,0,0,0,0,0,0,0,0,0,0,0,0,0,0,0
"384",1161901,0,0,0,0,0,0,0,0,0,0,1,0,0,0,1,0,0,0,0,0,3,1219,0,0,0
"385",1273755,0,0,0,0,0,0,0,0,0,0,1,0,0,0,0,0,0,0,0,0,0,0,0,0,0
"386",1458846,0,0,0,0,0,0,0,0,0,0,1,0,0,0,0,0,0,0,0,0,0,0,0,0,0
"387",338473,0,0,0,0,0,0,0,0,0,0,1,0,0,0,0,0,0,0,0,0,0,0,0,17,0
"388",346674,0,0,0,0,0,0,0,0,0,0,1,0,0,0,0,0,0,0,0,0,0,0,0,0,0
"389",548687,0,0,0,0,0,0,0,0,0,0,1,0,0,0,0,0,0,0,0,0,0,0,0,0,0
"390",694002,0,0,0,0,0,0,0,0,0,0,1,0,0,0,0,0,0,0,0,0,0,0,0,0,0
"391",756275,0,0,0,0,0,0,0,0,0,0,1,0,0,0,0,0,0,0,0,0,0,0,0,0,0
"392",938082,0,0,0,0,0,0,0,0,0,0,1,0,0,0,0,0,0,0,0,0,0,0,0,0,0
"393",247269,0,0,0,0,0,0,0,0,0,0,2,0,0,0,0,0,0,0,0,0,0,0,0,0,0
"394",1161939,0,0,0,0,0,0,0,0,0,0,3,0,0,0,1,0,0,0,0,0,0,0,0,0,0
"395",1273087,0,0,0,0,0,0,0,0,0,0,4,0,0,0,0,1,0,0,7,0,1,0,0,0,0
"396",1289600,0,0,0,0,0,0,0,0,0,0,5,0,0,0,0,0,0,0,0,0,0,0,0,0,0
"397",320836,0,0,0,0,0,0,0,0,0,0,7,0,0,0,0,0,0,0,0,0,0,1,0,0,0
"398",192584,0,0,0,0,0,0,0,0,0,0,8,0,0,0,0,0,0,0,0,0,0,0,0,0,0
"399",1239386,0,0,0,0,0,0,0,0,0,0,73,0,0,0,0,0,0,0,0,0,0,0,0,0,0
"400",1589751,0,0,0,0,0,0,0,0,0,0,269,0,0,0,0,0,0,0,0,0,0,0,0,0,0
"401",10455,0,0,0,0,0,0,0,0,0,0,0,1,0,0,2,0,1,0,0,1,0,0,1,0,1
"402",1195085,0,0,0,0,0,0,0,0,0,0,0,1,0,0,0,0,0,0,3690,0,0,0,0,0,0
"403",1493514,0,0,0,0,0,0,0,0,0,0,0,1,0,0,0,0,0,0,0,0,0,0,0,0,0
"404",166056,0,0,0,0,0,0,0,0,0,0,0,1,0,0,0,0,0,0,0,0,0,0,0,0,0
"405",320432,0,0,0,0,0,0,0,0,0,0,0,1,0,0,0,0,0,0,0,0,0,0,0,0,0
"406",10587,0,0,0,0,0,0,0,0,0,0,0,2,0,0,0,0,0,0,0,0,0,1,0,0,0
"407",279006,0,0,0,0,0,0,0,0,0,0,0,2,16,0,0,0,0,0,0,0,13,0,0,0,0
"408",1398177,0,0,0,0,0,0,0,0,0,0,0,5,0,0,6,0,1,2,0,8,0,0,2,0,0
"409",104388,0,0,0,0,0,0,0,0,0,0,0,0,1,0,0,0,0,0,0,0,0,0,0,0,0
"410",10588,0,0,0,0,0,0,0,0,0,0,0,0,1,0,0,0,0,0,0,1,0,10,0,0,0
"411",10663,0,0,0,0,0,0,0,0,0,0,0,0,1,0,0,0,0,4,1,0,2,39,0,0,0
"412",1150991,0,0,0,0,0,0,0,0,0,0,0,0,1,0,0,0,0,0,0,0,1,0,0,0,0
"413",1226723,0,0,0,0,0,0,0,0,0,0,0,0,1,0,0,0,0,0,0,0,0,0,0,0,0
"414",1328030,0,0,0,0,0,0,0,0,0,0,0,0,1,1,0,0,0,0,0,0,3,0,0,0,0
"415",1354507,0,0,0,0,0,0,0,0,0,0,0,0,1,0,0,0,0,0,0,0,0,0,0,0,0
"416",1535290,0,0,0,0,0,0,0,0,0,0,0,0,1,0,0,0,0,0,0,0,0,0,0,0,0
"417",236210,0,0,0,0,0,0,0,0,0,0,0,0,1,0,0,0,0,0,0,0,0,0,0,0,0
"418",260716,0,0,0,0,0,0,0,0,0,0,0,0,1,0,0,0,0,0,0,0,0,0,0,0,0
"419",333757,0,0,0,0,0,0,0,0,0,0,0,0,1,0,0,0,0,0,0,0,0,67,0,0,0
"420",337039,0,0,0,0,0,0,0,0,0,0,0,0,1,0,0,0,1,0,0,0,0,8,0,0,0
"421",40539,0,0,0,0,0,0,0,0,0,0,0,0,1,0,0,0,0,12,0,0,0,0,0,0,0
"422",437329,0,0,0,0,0,0,0,0,0,0,0,0,1,0,0,0,0,0,0,0,0,0,0,0,0
"423",45764,0,0,0,0,0,0,0,0,0,0,0,0,1,0,0,0,0,0,0,0,0,0,0,0,0
"424",481851,0,0,0,0,0,0,0,0,0,0,0,0,1,0,0,0,0,0,0,0,0,0,0,0,0
"425",565537,0,0,0,0,0,0,0,0,0,0,0,0,1,0,0,0,0,0,0,0,0,0,0,0,0
"426",644007,0,0,0,0,0,0,0,0,0,0,0,0,1,0,0,0,0,2,0,0,0,0,0,0,0
"427",910474,0,0,0,0,0,0,0,0,0,0,0,0,1,0,0,0,0,0,0,0,0,0,0,0,0
"428",942038,0,0,0,0,0,0,0,0,0,0,0,0,1,0,0,0,0,0,0,0,0,0,0,0,0
"429",993492,0,0,0,0,0,0,0,0,0,0,0,0,1,0,0,0,0,0,0,0,0,0,0,0,0
"430",10382,0,0,0,0,0,0,0,0,0,0,0,0,2,0,0,0,0,0,0,0,0,0,0,0,0
"431",325455,0,0,0,0,0,0,0,0,0,0,0,0,2,0,0,0,0,0,0,0,0,0,0,0,0
"432",66295,0,0,0,0,0,0,0,0,0,0,0,0,2,0,0,0,0,0,0,0,0,0,0,0,0
"433",673376,0,0,0,0,0,0,0,0,0,0,0,0,2,0,0,0,0,0,0,0,0,0,0,0,0
"434",1325372,0,0,0,0,0,0,0,0,0,0,0,0,3,0,0,0,0,0,0,0,0,0,0,0,0
"435",754053,0,0,0,0,0,0,0,0,0,0,0,0,3,0,0,0,0,0,0,0,0,0,0,0,0
"436",10317,0,0,0,0,0,0,0,0,0,0,0,0,7,0,0,0,0,0,0,0,0,0,0,0,0
"437",202252,0,0,0,0,0,0,0,0,0,0,0,0,7,0,0,0,0,0,0,0,0,172,0,0,0
"438",471184,0,0,0,0,0,0,0,0,0,0,0,0,7,0,0,0,0,0,0,0,0,0,0,0,0
"439",10293,0,0,0,0,0,0,0,0,0,0,0,0,9,0,0,0,0,0,0,0,0,0,0,0,0
"440",10605,0,0,0,0,0,0,0,0,0,0,0,0,9,0,0,0,0,0,0,0,0,0,0,0,0
"441",10580,0,0,0,0,0,0,0,0,0,0,0,0,12,5,0,0,0,0,0,2,0,3,0,0,0
"442",338323,0,0,0,0,0,0,0,0,0,0,0,0,22,0,0,0,0,0,0,0,0,0,0,0,0
"443",908819,0,0,0,0,0,0,0,0,0,0,0,0,23,0,0,0,0,0,0,0,0,0,0,0,0
"444",337042,0,0,0,0,0,0,0,0,0,0,0,0,37,0,0,0,1,0,1,0,0,0,0,0,0
"445",915425,0,0,0,0,0,0,0,0,0,0,0,0,161,0,0,0,2,14,0,0,0,0,0,0,0
"446",765052,0,0,0,0,0,0,0,0,0,0,0,0,166,0,0,0,0,0,0,0,0,0,0,0,0
"447",1540091,0,0,0,0,0,0,0,0,0,0,0,0,0,1,0,0,0,0,0,0,0,0,0,0,0
"448",187944,0,0,0,0,0,0,0,0,0,0,0,0,0,1,0,0,0,0,0,0,0,0,0,0,0
"449",212035,0,0,0,0,0,0,0,0,0,0,0,0,0,1,0,0,0,0,0,0,0,0,0,1,0
"450",212718,0,0,0,0,0,0,0,0,0,0,0,0,0,1,0,0,0,0,0,0,0,0,0,0,0
"451",486279,0,0,0,0,0,0,0,0,0,0,0,0,0,1,0,0,0,0,0,0,0,0,0,0,0
"452",687370,0,0,0,0,0,0,0,0,0,0,0,0,0,1,0,0,0,0,0,0,1,0,0,0,0
"453",889812,0,0,0,0,0,0,0,0,0,0,0,0,0,1,0,0,0,0,0,0,0,2,0,0,0
"454",998086,0,0,0,0,0,0,0,0,0,0,0,0,0,1,0,0,0,6,0,0,0,0,0,0,0
"455",1399942,0,0,0,0,0,0,0,0,0,0,0,0,0,2,0,0,0,0,0,0,0,0,0,0,0
"456",1498188,0,0,0,0,0,0,0,0,0,0,0,0,0,2,0,0,0,0,0,0,0,0,0,0,0
"457",393049,0,0,0,0,0,0,0,0,0,0,0,0,0,2,0,0,0,0,0,0,0,0,0,0,0
"458",1327985,0,0,0,0,0,0,0,0,0,0,0,0,0,3,0,0,0,0,0,0,0,0,0,0,0
"459",1450746,0,0,0,0,0,0,0,0,0,0,0,0,0,3,0,0,0,0,0,0,0,0,0,0,0
"460",1493511,0,0,0,0,0,0,0,0,0,0,0,0,0,3,0,0,0,0,0,0,0,0,0,0,0
"461",1500713,0,0,0,0,0,0,0,0,0,0,0,0,0,4,0,0,0,0,0,0,0,0,0,0,0
"462",1636271,0,0,0,0,0,0,0,0,0,0,0,0,0,7,0,0,0,0,0,0,0,2,0,0,0
"463",944644,0,0,0,0,0,0,0,0,0,0,0,0,0,9,0,0,0,0,0,0,1,0,0,0,0
"464",66261,0,0,0,0,0,0,0,0,0,0,0,0,0,39,0,0,0,0,0,0,0,1,0,0,0
"465",10576,0,0,0,0,0,0,0,0,0,0,0,0,0,55,0,0,0,0,0,0,0,0,0,0,0
"466",1567484,0,0,0,0,0,0,0,0,0,0,0,0,0,105,0,0,0,29,0,0,0,0,0,1,0
"467",328615,0,0,0,0,0,0,0,0,0,0,0,0,0,0,1,0,0,0,0,0,0,0,0,0,0
"468",337043,0,0,0,0,0,0,0,0,0,0,0,0,0,0,1,0,1,0,0,0,0,6,0,0,0
"469",379891,0,0,0,0,0,0,0,0,0,0,0,0,0,0,1,0,0,0,0,0,0,0,1,0,0
"470",438780,0,0,0,0,0,0,0,0,0,0,0,0,0,0,8,0,9,869,0,0,0,0,2,0,0
"471",1449437,0,0,0,0,0,0,0,0,0,0,0,0,0,0,11,0,0,0,0,0,0,0,0,0,0
"472",52979,0,0,0,0,0,0,0,0,0,0,0,0,0,0,118,0,10,1,0,0,0,0,0,0,0
"473",12059,0,0,0,0,0,0,0,0,0,0,0,0,0,0,0,1,0,0,0,0,0,0,0,0,0
"474",1563661,0,0,0,0,0,0,0,0,0,0,0,0,0,0,0,1,0,0,0,0,0,0,0,0,0
"475",1623296,0,0,0,0,0,0,0,0,0,0,0,0,0,0,0,1,0,0,0,0,0,0,0,0,0
"476",46938,0,0,0,0,0,0,0,0,0,0,0,0,0,0,0,1,0,0,0,0,0,0,0,0,0
"477",928301,0,0,0,0,0,0,0,0,0,0,0,0,0,0,0,1,0,0,0,0,0,0,0,0,0
"478",1211643,0,0,0,0,0,0,0,0,0,0,0,0,0,0,0,2,0,0,0,0,0,0,0,0,0
"479",446529,0,0,0,0,0,0,0,0,0,0,0,0,0,0,0,2,0,0,0,0,1,0,0,0,0
"480",1127516,0,0,0,0,0,0,0,0,0,0,0,0,0,0,0,3,0,0,0,0,0,0,0,0,0
"481",79700,0,0,0,0,0,0,0,0,0,0,0,0,0,0,0,3,0,0,1,0,0,0,0,0,0
"482",1114179,0,0,0,0,0,0,0,0,0,0,0,0,0,0,0,4,0,0,0,0,0,0,0,0,0
"483",279280,0,0,0,0,0,0,0,0,0,0,0,0,0,0,0,8,0,0,0,0,0,0,0,0,0
"484",1487700,0,0,0,0,0,0,0,0,0,0,0,0,0,0,0,14,0,0,0,0,0,0,0,0,0
"485",10381,0,0,0,0,0,0,0,0,0,0,0,0,0,0,0,0,1,0,0,0,0,0,0,0,0
"486",10454,0,0,0,0,0,0,0,0,0,0,0,0,0,0,0,0,1,0,0,0,0,0,1,0,0
"487",1144383,0,0,0,0,0,0,0,0,0,0,0,0,0,0,0,0,1,0,0,0,0,0,0,0,0
"488",12281,0,0,0,0,0,0,0,0,0,0,0,0,0,0,0,0,1,0,0,0,0,0,0,0,0
"489",1303346,0,0,0,0,0,0,0,0,0,0,0,0,0,0,0,0,1,0,0,0,0,0,0,0,0
"490",139872,0,0,0,0,0,0,0,0,0,0,0,0,0,0,0,0,1,0,0,0,0,0,0,0,0
"491",307467,0,0,0,0,0,0,0,0,0,0,0,0,0,0,0,0,1,0,0,0,0,0,0,0,0
"492",338324,0,0,0,0,0,0,0,0,0,0,0,0,0,0,0,0,1,0,0,0,0,0,0,0,0
"493",338326,0,0,0,0,0,0,0,0,0,0,0,0,0,0,0,0,1,0,0,1,0,4,0,0,0
"494",536444,0,0,0,0,0,0,0,0,0,0,0,0,0,0,0,0,1,0,0,0,0,0,0,0,0
"495",906669,0,0,0,0,0,0,0,0,0,0,0,0,0,0,0,0,1,0,0,0,0,0,0,0,0
"496",947980,0,0,0,0,0,0,0,0,0,0,0,0,0,0,0,0,1,2,0,0,0,0,0,0,0
"497",947981,0,0,0,0,0,0,0,0,0,0,0,0,0,0,0,0,1,0,0,0,0,0,0,0,0
"498",1165934,0,0,0,0,0,0,0,0,0,0,0,0,0,0,0,0,2,5,0,0,0,0,0,0,0
"499",915429,0,0,0,0,0,0,0,0,0,0,0,0,0,0,0,0,3,16,0,0,0,0,0,0,0
"500",37105,0,0,0,0,0,0,0,0,0,0,0,0,0,0,0,0,10,0,0,0,0,0,0,0,0
"501",40272,0,0,0,0,0,0,0,0,0,0,0,0,0,0,0,0,16,0,0,0,0,0,0,0,0
"502",755164,0,0,0,0,0,0,0,0,0,0,0,0,0,0,0,0,29,0,0,0,0,0,0,0,0
"503",102145,0,0,0,0,0,0,0,0,0,0,0,0,0,0,0,0,0,1,0,0,0,0,0,0,0
"504",10616,0,0,0,0,0,0,0,0,0,0,0,0,0,0,0,0,0,1,0,0,0,0,0,0,0
"505",1070408,0,0,0,0,0,0,0,0,0,0,0,0,0,0,0,0,0,1,0,0,0,0,0,0,0
"506",1070414,0,0,0,0,0,0,0,0,0,0,0,0,0,0,0,0,0,1,0,0,0,0,0,0,0
"507",110456,0,0,0,0,0,0,0,0,0,0,0,0,0,0,0,0,0,1,0,0,0,0,0,0,0
"508",1219875,0,0,0,0,0,0,0,0,0,0,0,0,0,0,0,0,0,1,0,0,0,0,1,0,0
"509",12461,0,0,0,0,0,0,0,0,0,0,0,0,0,0,0,0,0,1,0,0,0,0,0,0,0
"510",1307954,0,0,0,0,0,0,0,0,0,0,0,0,0,0,0,0,0,1,0,0,0,0,0,0,0
"511",1329648,0,0,0,0,0,0,0,0,0,0,0,0,0,0,0,0,0,1,0,0,0,0,0,0,0
"512",1385385,0,0,0,0,0,0,0,0,0,0,0,0,0,0,0,0,0,1,0,0,0,0,0,0,0
"513",1414738,0,0,0,0,0,0,0,0,0,0,0,0,0,0,0,0,0,1,0,0,0,0,0,0,0
"514",1429768,0,0,0,0,0,0,0,0,0,0,0,0,0,0,0,0,0,1,0,0,0,0,0,0,0
"515",1448276,0,0,0,0,0,0,0,0,0,0,0,0,0,0,0,0,0,1,0,0,0,0,0,0,0
"516",1555233,0,0,0,0,0,0,0,0,0,0,0,0,0,0,0,0,0,1,0,0,0,0,0,0,0
"517",1654582,0,0,0,0,0,0,0,0,0,0,0,0,0,0,0,0,0,1,0,0,0,0,1,0,0
"518",173087,0,0,0,0,0,0,0,0,0,0,0,0,0,0,0,0,0,1,0,0,1,0,0,0,0
"519",55511,0,0,0,0,0,0,0,0,0,0,0,0,0,0,0,0,0,1,0,0,0,0,0,0,0
"520",64186,0,0,0,0,0,0,0,0,0,0,0,0,0,0,0,0,0,1,0,0,0,0,0,0,0
"521",880160,0,0,0,0,0,0,0,0,0,0,0,0,0,0,0,0,0,1,0,0,0,0,0,0,0
"522",931209,0,0,0,0,0,0,0,0,0,0,0,0,0,0,0,0,0,1,0,0,3,0,0,0,0
"523",10624,0,0,0,0,0,0,0,0,0,0,0,0,0,0,0,0,0,2,0,0,0,0,0,0,0
"524",1420545,0,0,0,0,0,0,0,0,0,0,0,0,0,0,0,0,0,2,0,0,0,0,0,0,0
"525",306323,0,0,0,0,0,0,0,0,0,0,0,0,0,0,0,0,0,2,0,0,0,0,0,0,0
"526",333924,0,0,0,0,0,0,0,0,0,0,0,0,0,0,0,0,0,2,0,0,18,0,0,0,0
"527",909333,0,0,0,0,0,0,0,0,0,0,0,0,0,0,0,0,0,3,0,0,0,0,0,0,0
"528",927771,0,0,0,0,0,0,0,0,0,0,0,0,0,0,0,0,0,3,0,0,0,0,0,0,0
"529",10570,0,0,0,0,0,0,0,0,0,0,0,0,0,0,0,0,0,4,0,0,0,6,1,0,0
"530",129726,0,0,0,0,0,0,0,0,0,0,0,0,0,0,0,0,0,4,0,0,0,0,0,0,0
"531",1472342,0,0,0,0,0,0,0,0,0,0,0,0,0,0,0,0,0,4,0,0,0,0,0,0,0
"532",381899,0,0,0,0,0,0,0,0,0,0,0,0,0,0,0,0,0,5,0,0,0,0,0,0,0
"533",360397,0,0,0,0,0,0,0,0,0,0,0,0,0,0,0,0,0,6,0,0,0,0,0,0,0
"534",931210,0,0,0,0,0,0,0,0,0,0,0,0,0,0,0,0,0,6,0,0,0,0,0,0,0
"535",37959,0,0,0,0,0,0,0,0,0,0,0,0,0,0,0,0,0,7,0,0,0,0,0,0,0
"536",746832,0,0,0,0,0,0,0,0,0,0,0,0,0,0,0,0,0,7,0,0,0,0,0,0,0
"537",915428,0,0,0,0,0,0,0,0,0,0,0,0,0,0,0,0,0,7,0,0,0,0,0,0,0
"538",1434987,0,0,0,0,0,0,0,0,0,0,0,0,0,0,0,0,0,8,0,0,0,0,0,0,0
"539",1070415,0,0,0,0,0,0,0,0,0,0,0,0,0,0,0,0,0,9,0,0,0,0,0,0,0
"540",471186,0,0,0,0,0,0,0,0,0,0,0,0,0,0,0,0,0,9,0,0,0,1,0,0,0
"541",51369,0,0,0,0,0,0,0,0,0,0,0,0,0,0,0,0,0,12,0,0,5,0,0,0,0
"542",1566990,0,0,0,0,0,0,0,0,0,0,0,0,0,0,0,0,0,13,0,0,0,0,0,0,0
"543",1206898,0,0,0,0,0,0,0,0,0,0,0,0,0,0,0,0,0,14,0,0,0,0,0,0,0
"544",1647924,0,0,0,0,0,0,0,0,0,0,0,0,0,0,0,0,0,15,0,0,0,0,0,0,0
"545",1197952,0,0,0,0,0,0,0,0,0,0,0,0,0,0,0,0,0,16,0,0,0,0,0,0,0
"546",909331,0,0,0,0,0,0,0,0,0,0,0,0,0,0,0,0,0,17,0,0,1,0,0,0,0
"547",1289601,0,0,0,0,0,0,0,0,0,0,0,0,0,0,0,0,0,23,0,0,0,0,0,0,0
"548",350104,0,0,0,0,0,0,0,0,0,0,0,0,0,0,0,0,0,23,0,0,0,1,0,0,0
"549",765054,0,0,0,0,0,0,0,0,0,0,0,0,0,0,0,0,0,26,0,0,0,0,0,0,0
"550",334523,0,0,0,0,0,0,0,0,0,0,0,0,0,0,0,0,0,29,0,0,0,1,0,0,1
"551",10594,0,0,0,0,0,0,0,0,0,0,0,0,0,0,0,0,0,30,0,0,0,0,0,0,0
"552",112023,0,0,0,0,0,0,0,0,0,0,0,0,0,0,0,0,0,33,0,0,0,0,0,0,0
"553",765056,0,0,0,0,0,0,0,0,0,0,0,0,0,0,0,0,0,43,0,0,0,0,0,0,0
"554",1500801,0,0,0,0,0,0,0,0,0,0,0,0,0,0,0,0,0,102,0,0,0,0,0,0,0
"555",459845,0,0,0,0,0,0,0,0,0,0,0,0,0,0,0,0,0,124,0,0,0,0,0,0,1
"556",333761,0,0,0,0,0,0,0,0,0,0,0,0,0,0,0,0,0,199,0,0,0,45,0,0,0
"557",1623303,0,0,0,0,0,0,0,0,0,0,0,0,0,0,0,0,0,321,0,0,0,0,0,0,0
"558",73422,0,0,0,0,0,0,0,0,0,0,0,0,0,0,0,0,0,1097,0,0,0,0,0,0,0
"559",1623304,0,0,0,0,0,0,0,0,0,0,0,0,0,0,0,0,0,1877,0,0,0,0,0,0,0
"560",10319,0,0,0,0,0,0,0,0,0,0,0,0,0,0,0,0,0,0,1,0,0,0,0,0,0
"561",103722,0,0,0,0,0,0,0,0,0,0,0,0,0,0,0,0,0,0,1,0,0,0,0,0,0
"562",10524,0,0,0,0,0,0,0,0,0,0,0,0,0,0,0,0,0,0,1,0,0,0,0,0,0
"563",1510155,0,0,0,0,0,0,0,0,0,0,0,0,0,0,0,0,0,0,1,0,0,0,0,0,0
"564",1161927,0,0,0,0,0,0,0,0,0,0,0,0,0,0,0,0,0,0,2,0,0,0,0,0,0
"565",158683,0,0,0,0,0,0,0,0,0,0,0,0,0,0,0,0,0,0,3,0,0,0,0,0,0
"566",1204521,0,0,0,0,0,0,0,0,0,0,0,0,0,0,0,0,0,0,4,0,0,0,0,0,0
"567",1354512,0,0,0,0,0,0,0,0,0,0,0,0,0,0,0,0,0,0,4,0,0,0,0,0,0
"568",1481186,0,0,0,0,0,0,0,0,0,0,0,0,0,0,0,0,0,0,4,0,0,0,0,0,0
"569",10298,0,0,0,0,0,0,0,0,0,0,0,0,0,0,0,0,0,0,5,0,0,0,1,0,0
"570",1079998,0,0,0,0,0,0,0,0,0,0,0,0,0,0,0,0,0,0,7,0,0,0,0,0,0
"571",1536603,0,0,0,0,0,0,0,0,0,0,0,0,0,0,0,0,0,0,14,0,0,0,0,0,25
"572",1537166,0,0,0,0,0,0,0,0,0,0,0,0,0,0,0,0,0,0,20,0,0,0,0,0,0
"573",137443,0,0,0,0,0,0,0,0,0,0,0,0,0,0,0,0,0,0,106,0,0,0,0,0,0
"574",12280,0,0,0,0,0,0,0,0,0,0,0,0,0,0,0,0,0,0,0,1,0,0,0,0,0
"575",1307956,0,0,0,0,0,0,0,0,0,0,0,0,0,0,0,0,0,0,0,1,0,0,0,0,0
"576",136966,0,0,0,0,0,0,0,0,0,0,0,0,0,0,0,0,0,0,0,1,0,0,1,0,0
"577",1537164,0,0,0,0,0,0,0,0,0,0,0,0,0,0,0,0,0,0,0,1,0,0,0,0,0
"578",1647385,0,0,0,0,0,0,0,0,0,0,0,0,0,0,0,0,0,0,0,1,0,0,0,0,0
"579",558017,0,0,0,0,0,0,0,0,0,0,0,0,0,0,0,0,0,0,0,1,0,0,0,0,0
"580",654926,0,0,0,0,0,0,0,0,0,0,0,0,0,0,0,0,0,0,0,1,0,9,0,0,0
"581",759755,0,0,0,0,0,0,0,0,0,0,0,0,0,0,0,0,0,0,0,1,0,0,0,0,0
"582",79890,0,0,0,0,0,0,0,0,0,0,0,0,0,0,0,0,0,0,0,1,0,0,1,0,0
"583",1315956,0,0,0,0,0,0,0,0,0,0,0,0,0,0,0,0,0,0,0,2,0,0,0,0,0
"584",1126950,0,0,0,0,0,0,0,0,0,0,0,0,0,0,0,0,0,0,0,0,1,0,0,0,0
"585",115992,0,0,0,0,0,0,0,0,0,0,0,0,0,0,0,0,0,0,0,0,1,0,0,0,0
"586",1235689,0,0,0,0,0,0,0,0,0,0,0,0,0,0,0,0,0,0,0,0,1,0,0,0,0
"587",1406780,0,0,0,0,0,0,0,0,0,0,0,0,0,0,0,0,0,0,0,0,1,3,0,0,0
"588",1478132,0,0,0,0,0,0,0,0,0,0,0,0,0,0,0,0,0,0,0,0,1,0,0,0,0
"589",333926,0,0,0,0,0,0,0,0,0,0,0,0,0,0,0,0,0,0,0,0,1,0,0,0,0
"590",388452,0,0,0,0,0,0,0,0,0,0,0,0,0,0,0,0,0,0,0,0,1,0,0,0,0
"591",444878,0,0,0,0,0,0,0,0,0,0,0,0,0,0,0,0,0,0,0,0,1,0,0,0,0
"592",755272,0,0,0,0,0,0,0,0,0,0,0,0,0,0,0,0,0,0,0,0,1,0,0,0,0
"593",874272,0,0,0,0,0,0,0,0,0,0,0,0,0,0,0,0,0,0,0,0,1,0,0,0,0
"594",10607,0,0,0,0,0,0,0,0,0,0,0,0,0,0,0,0,0,0,0,0,2,0,0,0,0
"595",10681,0,0,0,0,0,0,0,0,0,0,0,0,0,0,0,0,0,0,0,0,2,0,0,0,0
"596",1414739,0,0,0,0,0,0,0,0,0,0,0,0,0,0,0,0,0,0,0,0,2,0,0,0,0
"597",69987,0,0,0,0,0,0,0,0,0,0,0,0,0,0,0,0,0,0,0,0,2,0,0,0,0
"598",765051,0,0,0,0,0,0,0,0,0,0,0,0,0,0,0,0,0,0,0,0,3,0,0,0,0
"599",1048524,0,0,0,0,0,0,0,0,0,0,0,0,0,0,0,0,0,0,0,0,4,0,0,0,0
"600",1235314,0,0,0,0,0,0,0,0,0,0,0,0,0,0,0,0,0,0,0,0,4,1,0,0,0
"601",10606,0,0,0,0,0,0,0,0,0,0,0,0,0,0,0,0,0,0,0,0,7,0,0,0,0
"602",1109713,0,0,0,0,0,0,0,0,0,0,0,0,0,0,0,0,0,0,0,0,13,0,0,0,0
"603",1434988,0,0,0,0,0,0,0,0,0,0,0,0,0,0,0,0,0,0,0,0,14,0,0,0,0
"604",186764,0,0,0,0,0,0,0,0,0,0,0,0,0,0,0,0,0,0,0,0,24,0,0,0,0
"605",687350,0,0,0,0,0,0,0,0,0,0,0,0,0,0,0,0,0,0,0,0,29,0,0,0,0
"606",1128131,0,0,0,0,0,0,0,0,0,0,0,0,0,0,0,0,0,0,0,0,37,4,0,0,0
"607",10486,0,0,0,0,0,0,0,0,0,0,0,0,0,0,0,0,0,0,0,0,0,1,0,0,0
"608",10615,0,0,0,0,0,0,0,0,0,0,0,0,0,0,0,0,0,0,0,0,0,1,0,0,0
"609",108098,0,0,0,0,0,0,0,0,0,0,0,0,0,0,0,0,0,0,0,0,0,1,1,0,0
"610",1229787,0,0,0,0,0,0,0,0,0,0,0,0,0,0,0,0,0,0,0,0,0,1,0,0,0
"611",1235429,0,0,0,0,0,0,0,0,0,0,0,0,0,0,0,0,0,0,0,0,0,1,0,0,0
"612",12426,0,0,0,0,0,0,0,0,0,0,0,0,0,0,0,0,0,0,0,0,0,1,0,0,0
"613",1327982,0,0,0,0,0,0,0,0,0,0,0,0,0,0,0,0,0,0,0,0,0,1,0,0,0
"614",1327990,0,0,0,0,0,0,0,0,0,0,0,0,0,0,0,0,0,0,0,0,0,1,0,0,0
"615",573199,0,0,0,0,0,0,0,0,0,0,0,0,0,0,0,0,0,0,0,0,0,1,0,0,0
"616",69986,0,0,0,0,0,0,0,0,0,0,0,0,0,0,0,0,0,0,0,0,0,1,0,0,0
"617",76490,0,0,0,0,0,0,0,0,0,0,0,0,0,0,0,0,0,0,0,0,0,1,0,0,0
"618",98383,0,0,0,0,0,0,0,0,0,0,0,0,0,0,0,0,0,0,0,0,0,1,0,0,0
"619",345201,0,0,0,0,0,0,0,0,0,0,0,0,0,0,0,0,0,0,0,0,0,2,0,0,0
"620",673323,0,0,0,0,0,0,0,0,0,0,0,0,0,0,0,0,0,0,0,0,0,2,0,0,0
"621",10591,0,0,0,0,0,0,0,0,0,0,0,0,0,0,0,0,0,0,0,0,0,4,0,0,0
"622",471183,0,0,0,0,0,0,0,0,0,0,0,0,0,0,0,0,0,0,0,0,0,6,0,0,0
"623",1150990,0,0,0,0,0,0,0,0,0,0,0,0,0,0,0,0,0,0,0,0,0,7,0,0,0
"624",741942,0,0,0,0,0,0,0,0,0,0,0,0,0,0,0,0,0,0,0,0,0,7,0,0,0
"625",551790,0,0,0,0,0,0,0,0,0,0,0,0,0,0,0,0,0,0,0,0,0,10,0,0,0
"626",333759,0,0,0,0,0,0,0,0,0,0,0,0,0,0,0,0,0,0,0,0,0,14,0,0,0
"627",1462581,0,0,0,0,0,0,0,0,0,0,0,0,0,0,0,0,0,0,0,0,0,21,0,0,0
"628",78219,0,0,0,0,0,0,0,0,0,0,0,0,0,0,0,0,0,0,0,0,0,24,0,0,0
"629",45240,0,0,0,0,0,0,0,0,0,0,0,0,0,0,0,0,0,0,0,0,0,138,0,0,0
"630",1074206,0,0,0,0,0,0,0,0,0,0,0,0,0,0,0,0,0,0,0,0,0,197,0,0,0
"631",1204533,0,0,0,0,0,0,0,0,0,0,0,0,0,0,0,0,0,0,0,0,0,0,1,0,0
"632",1340824,0,0,0,0,0,0,0,0,0,0,0,0,0,0,0,0,0,0,0,0,0,0,1,0,0
"633",1481112,0,0,0,0,0,0,0,0,0,0,0,0,0,0,0,0,0,0,0,0,0,0,1,0,0
"634",161494,0,0,0,0,0,0,0,0,0,0,0,0,0,0,0,0,0,0,0,0,0,0,1,0,0
"635",1647425,0,0,0,0,0,0,0,0,0,0,0,0,0,0,0,0,0,0,0,0,0,0,2,0,0
"636",1051675,0,0,0,0,0,0,0,0,0,0,0,0,0,0,0,0,0,0,0,0,0,0,0,1,0
"637",1195072,0,0,0,0,0,0,0,0,0,0,0,0,0,0,0,0,0,0,0,0,0,0,0,1,0
"638",1425358,0,0,0,0,0,0,0,0,0,0,0,0,0,0,0,0,0,0,0,0,0,0,0,1,0
"639",1567012,0,0,0,0,0,0,0,0,0,0,0,0,0,0,0,0,0,0,0,0,0,0,0,1,0
"640",279383,0,0,0,0,0,0,0,0,0,0,0,0,0,0,0,0,0,0,0,0,0,0,0,1,0
"641",50290,0,0,0,0,0,0,0,0,0,0,0,0,0,0,0,0,0,0,0,0,0,0,0,1,0
"642",687344,0,0,0,0,0,0,0,0,0,0,0,0,0,0,0,0,0,0,0,0,0,0,0,1,0
"643",762660,0,0,0,0,0,0,0,0,0,0,0,0,0,0,0,0,0,0,0,0,0,0,0,1,0
"644",547228,0,0,0,0,0,0,0,0,0,0,0,0,0,0,0,0,0,0,0,0,0,0,0,2,0
"645",1522092,0,0,0,0,0,0,0,0,0,0,0,0,0,0,0,0,0,0,0,0,0,0,0,15,0
"646",1293572,0,0,0,0,0,0,0,0,0,0,0,0,0,0,0,0,0,0,0,0,0,0,0,0,1
"647",1034150,0,0,0,0,0,0,0,0,0,0,0,0,0,0,0,0,0,0,0,0,0,0,0,0,3
