"","kw.ep","kw.eBH","glm.ep","glm.eBH"
"Acetonema longum",0.485237174053313,0.845536191397839,0.474907064112071,0.85445596369426
"Acidaminococcus fermentans",0.441373238578109,0.815254552271062,0.413719532630342,0.840170386445852
"Acidaminococcus intestini",0.542597588953648,0.885518292739279,0.535598147907658,0.891388974978388
"Acidovorax avenae",0.502092179352047,0.858735404917938,0.506796744897349,0.87333107158854
"Acidovorax ebreus",0.00295982288604007,0.079927059866177,8.05424140843987e-05,0.00413872575861291
"Acinetobacter bereziniae",0.455582087279767,0.835784817538395,0.481519721132742,0.862126583697412
"Acinetobacter calcoaceticus",0.465037800203953,0.828137573273166,0.492772460623671,0.833385588050443
"Acinetobacter johnsonii",0.500547110569492,0.844992934861101,0.506430936577895,0.868341063525813
"Acinetobacter junii",0.510588730413977,0.864010505267449,0.52132404221317,0.876334002042385
"Acinetobacter lwoffii",0.445231761342557,0.83548753074335,0.462554292426432,0.846144805033328
"Acinetobacter parvus",0.45037377742345,0.821955871787806,0.47824650225265,0.843321640984618
"Acinetobacter pittii",0.460689183806693,0.825773715268589,0.47329216442671,0.871325504073515
"Actinobacillus minor",0.491793599987002,0.853180099283256,0.498989270104379,0.879948069455998
"Actinobacillus pleuropneumoniae",0.510836965191381,0.845203156311265,0.510315205785339,0.85387735431235
"Actinobacteria sp.",0.387135027713086,0.800504556393403,0.238183106388168,0.721872078952357
"Actinobaculum massiliae",0.499596050823839,0.852171409266095,0.525622219467257,0.882855784210935
"Actinomyces neuii",0.523972866002868,0.862739029151953,0.550991910459585,0.877787564161745
"Actinomyces neuii subsp. anitratus",0.455501350734057,0.833013786037432,0.467633174619878,0.857093454442597
"Actinomyces odontolyticus",0.487292728499268,0.842898685968729,0.484491008900312,0.85338550025564
"Actinomyces turicensis",0.562940271568557,0.886452818522212,0.545859593973103,0.8921500815188
"Aerococcus urinae",0.231545321476635,0.646263488690697,0.270435051818302,0.685561947524982
"Aerococcus viridans",0.491104355124544,0.841458450028548,0.507692920986532,0.868311608328095
"Aeromicrobium marinum",0.457522111880435,0.836308207611434,0.492401998404795,0.873185177944369
"Afipia clevelandensis",0.464361457256251,0.821443118806505,0.408618979566927,0.816895808224575
"Agrobacterium radiobacter",0.449148791346819,0.826915128435656,0.458765360102957,0.836324978392373
"Agrobacterium tumefaciens",0.463298379618412,0.832098153585108,0.465965866164098,0.854409942846072
"Agromonas oligotrophica",0.4736332462957,0.847200531797916,0.495547839090486,0.877927752938717
"Akkermansia muciniphila",0.489917193666634,0.851182979819056,0.488877550889927,0.856353269790458
"Alcaligenes faecalis",0.474146022500014,0.848837160621817,0.497668757725323,0.873626770526319
"Alicyclobacillus acidocaldarius",0.499630021712652,0.861823874007592,0.484844965862303,0.866156042782223
"Alistipes indistinctus",0.463384991423752,0.83105411840253,0.497570954667787,0.870806471461952
"Alistipes shahii",0.494473563644592,0.851067875644193,0.522645716509821,0.88122725119904
"Alistipes sp.",0.502579807324975,0.856483263089523,0.537017731691897,0.868556788802636
"Alloscardovia omnicolens",0.485187440843459,0.848037848608712,0.474025104927343,0.836011094866548
"amorphae DSM",0.48651310529736,0.850554814452315,0.522127970527099,0.857954881752739
"Amphibacillus xylanus",0.486783152621977,0.857575465584037,0.519764064769732,0.876668567073904
"Anaerococcus hydrogenalis",0.464563704707866,0.847389318015897,0.483126783860374,0.867744296989724
"Anaerococcus lactolyticus",0.465898167637121,0.830865405775393,0.459739421790532,0.854884786253282
"Anaerococcus prevotii",0.497341445917877,0.847303732932465,0.503094473789295,0.853755656706358
"Anaerococcus tetradius",0.497152699763236,0.841142949763959,0.52295850918459,0.876725071201269
"Anaerococcus vaginalis",0.502424717012476,0.866958288088804,0.51652886860351,0.882324643786269
"Anaeroglobus geminatus",0.525092094458596,0.848809933410346,0.52232160499455,0.874247477505698
"Anaerotruncus colihominis",0.424346291749207,0.813399563970247,0.367366109583622,0.806857723745389
"Aneurinibacillus aneurinolyticus",0.488010009357883,0.845467897621894,0.49484186087388,0.871515596403646
"Anoxybacillus flavithermus",0.515644811339586,0.866686547354923,0.51707268435152,0.883435276217523
"Arcanobacterium haemolyticum",0.484507958550818,0.849885414701309,0.539506723495986,0.877169499405361
"Arcanobacterium pyogenes",0.513136951325037,0.84955317760878,0.526014272164752,0.867703392282479
"Arthrobacter aurescens",0.503266831626941,0.859637815093261,0.511603121003802,0.882923667228442
"Arthrobacter chlorophenolicus",0.533190163278231,0.848891263361243,0.498851327364233,0.851643865469
"Arthrobacter gangotriensis",0.505161571549993,0.84927289969964,0.516411908351894,0.873442414616379
"Arthrobacter globiformis",0.509622477357635,0.857910020277463,0.533615168108667,0.88680392124461
"Arthrobacter phenanthrenivorans",0.470954708885083,0.850808357991238,0.490352334469742,0.873520266523704
"Aspergillus niger",0.494872514848719,0.850775223831923,0.51378517150326,0.869242150064056
"Asticcacaulis excentricus",0.486323758767731,0.852881036419361,0.482406131316613,0.867068444742353
"Atopobium minutum",0.50292348926847,0.861156683416427,0.533509331389538,0.881137386144432
"Atopobium parvulum",0.46932918482084,0.852485210988453,0.488497375968238,0.868975423089367
"Atopobium vaginae",0.178899402253043,0.677357281546877,0.213149291587274,0.722331312457045
"Atopostipes suicloacalis",0.456598139081044,0.838880922883062,0.493873923494666,0.867557686451873
"Atopostipes suicloacalis ",0.437145727943054,0.816307683389235,0.452381796881936,0.833614169306654
"Azospirillum canadense",0.420274645823504,0.816704073955243,0.439383815606815,0.814123206859265
"Bacillus bataviensis",0.534663156402953,0.878780400417655,0.540637740127058,0.895538006260117
"Bacillus lentus",0.479846632953263,0.838583792874676,0.522081556917594,0.87908839119288
"Bacillus marinus",0.466916863602389,0.832094373745432,0.467533028888956,0.858250551331642
"Bacillus megaterium",0.497621374559502,0.839967096619422,0.510310128053396,0.860634155239902
"Bacillus mojavensis",0.476454864393032,0.843683547617037,0.491616172997032,0.870785780717918
"Bacillus pseudofirmus",0.448766170117686,0.822045134886937,0.492643565984655,0.855813912225453
"Bacillus psychrosaccharolyticus",0.502922348360417,0.862672356480337,0.519741415316945,0.871707319494254
"Bacillus stratosphericus",0.438040049723459,0.824415409809989,0.467040537532254,0.84077462199122
"Bacteroides cellulosilyticus",0.503221306667575,0.85966828737331,0.520517433230583,0.887023255767546
"Bacteroides clarus",0.478862621365267,0.844151750789211,0.48173770026562,0.855181965912271
"Bacteroides coagulans",0.368757216876091,0.778513265495162,0.398267938415266,0.818049661149378
"Bacteroides eggerthii",0.504440845223482,0.843737538740262,0.521857234765573,0.860889017727233
"Bacteroides pectinophilus",0.277442426139845,0.721619521053981,0.328907395201085,0.748777126944796
"Bacteroides salyersiae",0.433937762130623,0.819245557683536,0.453684515330849,0.837021777240104
"Bacteroides suis",0.486159452615903,0.842398267012714,0.514977680899942,0.878887070162455
"Bacteroides ureolyticus",0.492935925630936,0.838642005645783,0.511984473824776,0.866135915655044
"Bacteroides vulgatus",0.535913835637646,0.85787899697094,0.531176909828691,0.871878244632326
"Barnesiella intestinihominis",0.507605518184827,0.86028870809348,0.519635255757138,0.869515049630077
"Barnesiella viscericola",0.488461796455924,0.856194231673195,0.507534746052658,0.882988691670598
"Bartonella bovis",0.46350411694897,0.829804582717922,0.463089268888856,0.849688025808593
"Bdellovibrio bacteriovorus",0.47826603399818,0.836135480156733,0.480579535642492,0.836610014292704
"Bifidobacterium bifidum",0.469106154410507,0.843648141326555,0.494844251474714,0.862374761611109
"Bifidobacterium boum",0.480438575164959,0.84172761150007,0.472051987923545,0.854445824122091
"Bifidobacterium breve",0.537342026255157,0.882634878084977,0.578561478898058,0.911736230838622
"Bifidobacterium dentium",0.506390530276492,0.852867337770402,0.569329861998798,0.890612073601278
"Bifidobacterium kashiwanohense",0.504101591930263,0.851152634529596,0.494426645684467,0.870099286085834
"Bifidobacterium pseudocatenulatum",0.512043876475977,0.843105390238315,0.481728905155023,0.869092231445105
"Bifidobacterium thermacidophilum",0.457097046968975,0.835636512755493,0.444836976054445,0.848065659214669
"Bifidobacterium thermophilum",0.47006354396886,0.83309179997839,0.487464408193325,0.853351313309851
"Blautia hansenii ",0.495357957391067,0.840565872285512,0.508162353232507,0.869421064982697
"Blautia producta",0.474629502291967,0.843813892616924,0.479140084325053,0.860146156615411
"Bombus impatiens",0.539658485938865,0.865333943594418,0.549052625887607,0.890525483208816
"Botrytis convoluta",0.491325331713645,0.853118250263403,0.514203364696226,0.874491181814174
"Brachyspira pilosicoli",0.517787841922835,0.86371176867991,0.51933853131526,0.869520668024248
"Bradyrhizobiaceae bacterium",0.47716763481025,0.84677924628941,0.519761685770622,0.873758621126762
"Bradyrhizobium japonicum",0.480759733824127,0.843485712868867,0.514694923157381,0.865622580168872
"Brevibacterium casei",0.519678758974866,0.867023631841732,0.519366030825784,0.878769237262115
"Brevibacterium linens",0.503652656484079,0.854472156551985,0.510149313197444,0.875064603398457
"Brevibacterium mcbrellneri",0.448742069754581,0.830489212003852,0.452297834366301,0.863769543306926
"Brevundimonas diminuta",0.482127400663183,0.852214220985255,0.512516361954312,0.87407486953263
"Brevundimonas vesicularis",0.509453357677153,0.851543428716603,0.527678396855068,0.870960352315278
"Brucella suis",0.0314474825146453,0.307211820222983,0.0419454735131188,0.300176387322335
"Bulleidia extructa",0.439486086398146,0.835083460254679,0.47359963360508,0.865149093974033
"Burkholderia ambifaria",0.460981995879128,0.826545044450629,0.471703104817503,0.86130731336685
"Burkholderia cepacia",0.465549880945326,0.836263153426061,0.47888466787442,0.86033301892451
"Burkholderia glumae",0.425414130636718,0.811998499827714,0.475052126681428,0.825793290221255
"Burkholderia phytofirmans",0.484421181057816,0.853786472893648,0.530605541773858,0.873056431217203
"Burkholderia pseudomallei",0.46752439720191,0.836087092372813,0.457077646721359,0.851065038119407
"Burkholderia vietnamiensis",0.447157080607161,0.834945671240005,0.487914178259282,0.858790346637808
"Burkholderia xenovorans",0.351943948387887,0.737886778963933,0.379960007665113,0.758828247330675
"Butyrivibrio proteoclasticus",0.47051614099294,0.8265799363602,0.472066542660286,0.84033647920725
"Caldicellulosiruptor saccharolyticus",0.460901972708366,0.828538023870319,0.489671564840378,0.860835619029157
"Campylobacter fetus",0.518267187015599,0.84783197134914,0.521758342173748,0.859268383092313
"Campylobacter hominis",0.525725722893056,0.856554512917213,0.518075508362413,0.856678260814629
"Campylobacter jejuni",0.483880725237758,0.845205997775127,0.507413805238913,0.872362378224175
"Candida albicans",0.549662592249462,0.867655733991643,0.523091708693489,0.872644495950726
"Candidate division TM7",0.49201923539153,0.844119248063408,0.508171975827853,0.875613665455146
"Candidatus Chloracidobacterium",0.524564511325813,0.855429893906599,0.493164553185585,0.870484925284492
"Candidatus Desulforudis audaxviator",0.418351193467867,0.819500472379463,0.426390878095268,0.84017747771499
"Candidatus Ishikawaella capsulata",0.43889780005377,0.815254611702119,0.454164741308741,0.828098904310848
"Candidatus Nitrospira",0.477534937091089,0.845062951402501,0.499985675282585,0.879591006648996
"Candidatus Pelagibacter",0.484483228019461,0.832976569535154,0.495776970492273,0.855820755954928
"Capnocytophaga sputigena",0.500120450883876,0.861230746371469,0.521673102774891,0.891242170299901
"Catenulispora acidiphila",0.418863956957351,0.819128356191218,0.440825140135584,0.834687443941398
"Cellvibrio gilvus",0.527356232748891,0.864594855085536,0.556170847684346,0.889411189265856
"Chlorobium phaeobacteroides",0.483454727972127,0.853734362857477,0.48680772466864,0.859931028096472
"Chlorobium tepidum",0.444254065283298,0.821716516352832,0.4755422006056,0.836132300938833
"Chloroflexus aggregans",0.470736657519584,0.84498092873566,0.474636899783602,0.873195159258713
"Chromohalobacter salexigens",0.496176102603224,0.852040054588404,0.520402040160893,0.8798223791848
"Chryseobacterium gleum",0.514708497055279,0.861591511597349,0.527676521082294,0.895205476893531
"Chryseobacterium meningosepticum",0.479228006557959,0.845430027390629,0.476806146433689,0.856114119457793
"Citrobacter youngae",0.480121292871844,0.838735742236368,0.460567407373149,0.846337329387294
"Citromicrobium bathyomarinum",0.518719590021983,0.871791820366635,0.520296534236942,0.902015243322877
"Clavibacter michiganensis",0.424442149797385,0.811104786825317,0.458721559359598,0.834801073974157
"Clostridia sp. BVAB2",0.0145280828742381,0.259275752203988,0.0347496709106472,0.34099464003598
"Clostridium aminophilum",0.496727941469831,0.849458943674633,0.528150091503206,0.87839991930595
"Clostridium celatum",0.504087832075693,0.861046255051035,0.521029137298104,0.885590474713429
"Clostridium cellulolyticum",0.505475365045427,0.851406360792017,0.521036713110253,0.871584432153991
"Clostridium colicanis",0.433000546996963,0.809183153218451,0.461329477949054,0.841262942839257
"Clostridium drakei",0.482461512573234,0.852530745189711,0.494036010580889,0.864439354248395
"Clostridium genomosp. BVAB3",0.370330240221842,0.797386111682164,0.458266783618047,0.864713320376723
"Clostridium hylemonae",0.49530060081309,0.858213572398719,0.515999231945491,0.889744393411743
"Clostridium leptum",0.468400128591121,0.831520713858332,0.483571085379155,0.851666362280099
"Clostridium methylpentosum",0.530367363885204,0.872090214359878,0.555439990558172,0.896752883443675
"Clostridium nexile",0.493815990336855,0.834028689932217,0.495890532659417,0.855297578159741
"Clostridium papyrosolvens",0.490805463868625,0.850069477598893,0.495344751811897,0.869096964279241
"Clostridium saccharoperbutylacetonicum",0.396105642844258,0.809704380253339,0.447217853306959,0.827698186169622
"Clostridium scindens",0.466044955238367,0.836834167701396,0.492882080193815,0.860222573502832
"Clostridium stercorarium subsp. stercorarium",0.441148232621545,0.821540037025342,0.455875972299787,0.83301664004725
"Clostridium symbiosum",0.483676996722562,0.845102589934763,0.499421515121671,0.871958895687565
"Clostridium termitidis",0.512722205633345,0.853823766483684,0.523962664475052,0.861270428642575
"Collinsella aerofaciens",0.506331348549495,0.853283480016804,0.513070054161696,0.8523658247375
"Collinsella intestinalis",0.451328806844477,0.834223990451571,0.451278282606361,0.865049031133651
"Comamonas terrigena",0.502779261153835,0.848330199835726,0.544203094040192,0.87158332447786
"Conexibacter woesei",0.479549508742628,0.849416058222506,0.4900796887703,0.865532236678144
"Coprococcus catus",0.47070572421797,0.830754202325724,0.481902968253077,0.849044967755027
"Coprococcus eutactus",0.418232919406362,0.810716902282392,0.361062726850904,0.816499265010538
"Corynebacterium accolens",0.524379901923486,0.877384285902632,0.530186053718753,0.879966183414119
"Corynebacterium amycolatum",0.497248806040869,0.843973557520522,0.528310615058069,0.869910627083039
"Corynebacterium casei",0.449023579906197,0.83212393752753,0.463968611430184,0.847929636301736
"Corynebacterium cystitidis",0.496761711080191,0.851248258834213,0.515945913202407,0.870211467482217
"Corynebacterium flavescens",0.434371077021756,0.846810051182559,0.465067774148297,0.865458747148665
"Corynebacterium genitalium",0.520864666745383,0.859518157048569,0.540156292350737,0.880410212394668
"Corynebacterium glucuronolyticum",0.389828885586035,0.773721774353265,0.358745549883911,0.75570572697974
"Corynebacterium halotolerans",0.479238180210399,0.842862221987672,0.491294096264703,0.881504900362561
"Corynebacterium jeikeium",0.454499333147463,0.821382297547065,0.464831154852058,0.831309491073045
"Corynebacterium kroppenstedtii",0.523246338614597,0.860545891956349,0.505456719826082,0.884015677452006
"Corynebacterium lipophiloflavum",0.474429559504335,0.831501676847604,0.501984669011724,0.859272230085991
"Corynebacterium resistens",0.530256197838324,0.86787917280772,0.520701664311871,0.879969570514421
"Corynebacterium simulans",0.448294365186362,0.825384527715363,0.482720608505497,0.866700086600929
"Corynebacterium striatum",0.507028737920092,0.861090008651961,0.51421984095393,0.878985674938626
"Corynebacterium tuberculostearicum",0.479948551061937,0.846107028646531,0.499289746259839,0.871905455730559
"Corynebacterium urealyticum",0.510928168407282,0.863895936826929,0.500686837066504,0.866620116958445
"Cupriavidus taiwanensis",0.463328782679856,0.833441787808463,0.480616112935447,0.86620385398201
"Curtobacterium flaccumfaciens",0.482370368232758,0.850427477799634,0.489258144814972,0.86047821400393
"Deferribacter desulfuricans",0.467736786930556,0.828484006448314,0.487976225848279,0.852118883757449
"Deinococcus deserti",0.494401615307223,0.863913768912229,0.516822344866109,0.881560521754881
"Deinococcus grandis",0.521806882459406,0.864451547284887,0.528485142477175,0.881376312879216
"Denitrovibrio acetiphilus",0.449142331046808,0.831556998202578,0.489835048075565,0.857194622304241
"Desulfomicrobium baculatum",0.485833568215264,0.839921709506304,0.518965408925062,0.878981523671354
"Desulfotomaculum hydrothermale",0.488075809642499,0.841426811970305,0.497127543119319,0.859430641902223
"Desulfovibrio desulfuricans",0.530228207267441,0.866397170746945,0.552404497535529,0.891239304217894
"Desulfovibrio piger",0.501880860664684,0.840604209408846,0.519268956620169,0.852137419545948
"Desulfurivibrio alkaliphilus",0.534506205678233,0.857795480343209,0.542126924224335,0.871193970348677
"Dialister invisus",0.468483947405068,0.840311261081493,0.458693530014663,0.847942957001762
"Dialister invisus ",0.477599567021941,0.838898361900646,0.478984912749035,0.841382575907471
"Dialister succinatiphilus",0.459034001113996,0.826848855493101,0.442443293567982,0.839781622401638
"Dinoroseobacter shibae",0.489292563262282,0.840684801046059,0.510287706115498,0.855633569506807
"Dorea formicigenerans",0.516441707491301,0.862664764074786,0.510208629027223,0.874169760898383
"Dorea longicatena",0.463565736094408,0.831498068666052,0.504932500747338,0.844840032219052
"Dyadobacter fermentans",0.456764954430865,0.830980595507504,0.476874481780686,0.842408562519131
"Eggerthella lenta",0.456793096635736,0.840818385440758,0.477155687686152,0.852607870996766
"Elizabethkingia anophelis",0.502515720195086,0.854453705600284,0.506061251039487,0.878963828541361
"Elusimicrobium minutum",0.486175002310883,0.851079380319757,0.485120974034047,0.864041114703601
"Enhydrobacter aerosaccus",0.472375459199226,0.83925220506686,0.486276978666508,0.862573495485088
"Enterococcus aquimarinus",0.489362560102195,0.857209798009221,0.508485588394504,0.87275204342679
"Enterococcus faecalis",0.409911186795679,0.797823844812788,0.422238245835475,0.838772375809267
"Enterococcus rattus",0.118421066721142,0.569299754549411,0.0906695634062631,0.491015628577798
"Equus caballus",0.402758302611879,0.815370407652358,0.439821042121612,0.843337550409821
"Eremococcus coleocola",0.477054352006217,0.842208195534521,0.510363807827531,0.88180070438736
"Erysipelotrichaceae bacterium",0.47188900828365,0.833835011186215,0.5019918082958,0.876569916162901
"Erythromicrobium ramosum",0.46732881397394,0.833908959430894,0.477152536330174,0.857950740499483
"Escherichia albertii",0.488623945757912,0.848730351063287,0.469198650315919,0.859742071054603
"Escherichia coli",0.509957787531427,0.866496967317964,0.545798135439353,0.893310091619683
"Ethanoligenens harbinense",0.50944867842893,0.860978891502551,0.487716824517252,0.862585847888224
"Eubacterium cellulosolvens",0.213431203151952,0.673360911920736,0.198844632336089,0.629488089346171
"Eubacterium coprostanoligenes",0.512337017055883,0.864612063409167,0.501952785843524,0.880552359030919
"Eubacterium eligens",0.483564359162524,0.842446721430996,0.489701841161362,0.86593378732534
"Eubacterium rectale",0.499623103035996,0.852748699679083,0.481108299393606,0.866341722448263
"Eubacterium saburreum",0.531848771992823,0.865923601064216,0.508424840857428,0.883110951040074
"Eubacterium siraeum",0.471886114521323,0.83231440161897,0.465836001194086,0.842825599769512
"Eubacterium ventriosum",0.499404335024498,0.845758595516702,0.526184123961281,0.871183190114254
"Facklamia hominis",0.401824088295249,0.787535902502068,0.444265010580624,0.832056071147151
"Facklamia ignava",0.50085594836115,0.854428265128392,0.479564149372429,0.861278018130518
"Faecalibacterium cf. prausnitzii",0.506069544953807,0.853716550270361,0.463791152013801,0.859448910913474
"Faecalibacterium prausnitzii",0.497294877753651,0.84171383547265,0.470394829188684,0.848887406376103
"Felis catus",0.502802856176537,0.84875465281546,0.486903041016833,0.844898159198654
"Fibrella aestuarina",0.535104721042128,0.868913820800802,0.559478913791324,0.897880444377817
"Fibrobacter succinogenes",0.53187388707551,0.857422853536193,0.534263039616894,0.891482706465553
"Finegoldia magna",0.491696126153989,0.855312969378673,0.493568176489205,0.860884861265305
"Flavobacterium hydatis",0.475186355656661,0.840771895066015,0.485301005859264,0.862807879193654
"Flavobacterium johnsoniae",0.477666745199116,0.848041721185506,0.493470436852946,0.86663364547953
"Flavonifractor plautii",0.519788869078587,0.857640521614655,0.53136605483483,0.875271617469219
"Fulvivirga imtechensis",0.49143591836859,0.847835947319749,0.505713416419066,0.875292606338287
"Gallibacterium anatis",0.481810500852032,0.845633099675323,0.517771601658184,0.874974796299842
"Gardnerella vaginalis Group A",0.00148463524843227,0.0897324870121579,0.0108437932552268,0.249907775095015
"Gardnerella vaginalis Group B",0.0249541617722522,0.403862534705398,0.0432736742255438,0.407615178738894
"Gardnerella vaginalis Group C",0.540126190801813,0.896516019989925,0.624956689671454,0.937529665347337
"Gardnerella vaginalis Group D",0.412161696186054,0.826008555132692,0.467229844961059,0.850279562899191
"Gemella haemolysans",0.452085858586605,0.827657507640898,0.450902706643525,0.83620495649769
"Gemmatimonas aurantiaca",0.448183184235197,0.832963792389703,0.492070120448714,0.87568165171842
"Geobacter lovleyi",0.486311313853791,0.845184541969999,0.513301771674017,0.866648576845684
"Geodermatophilus obscurus",0.544980162333322,0.865978994957748,0.542169775773058,0.886363898993776
"Globicatella sanguinis",0.453095760815456,0.833004040663623,0.491221679642943,0.860866136840943
"Gluconacetobacter diazotrophicus",0.428570493701842,0.809100097848248,0.448826597639568,0.837104512197327
"Gluconacetobacter kombuchae",0.489016419755352,0.842225591632821,0.507634490429525,0.861556822472921
"Gordonia aichiensis",0.510470479873507,0.852620676410392,0.503537832470456,0.859486501465593
"Gordonia alkanivorans",0.510157324413389,0.865613570423415,0.504913369541174,0.871543624435008
"Gordonia neofelifaecis",0.459581861380683,0.841989827480398,0.479751253120011,0.863365299929205
"Gordonibacter pamelaeae",0.484985096369835,0.849515406409708,0.503489830979331,0.863653650423458
"Gramella forsetii",0.461337239524537,0.83058566942902,0.464753813715089,0.85309339975879
"Granulicatella adiacens",0.458365924559004,0.824943253809867,0.490547223105052,0.854154753551974
"Granulicatella para-adiacens",0.455027815698573,0.827760759431244,0.476225156210523,0.851976689840111
"Haemophilus aphrophilus",0.482339741479432,0.835155707334431,0.493758809109786,0.854231766541477
"Haemophilus haemolyticus",0.454237334300545,0.838310232439464,0.481133285348894,0.860966481273051
"Haemophilus parainfluenzae",0.487964619892767,0.834669275257503,0.504395636579125,0.837181640603488
"Haemophilus paraphophilus",0.424528744696587,0.807873047637689,0.476551452020658,0.85810807990936
"Haemophilus somnus",0.468613094003665,0.828995311992764,0.48545642155923,0.843665933330858
"Haliangium ochraceum",0.463819962721758,0.834305808112707,0.48472378479592,0.868173750749435
"Helicobacter cholecystus",0.452370778903913,0.842103852303646,0.476922633119215,0.874532769284581
"Heliobacillus mobilis",0.534625611077681,0.859512874768843,0.53512360906217,0.870096517845995
"Heliobacterium modesticaldum",0.491610661515867,0.849159804855103,0.489756467712508,0.866236184858098
"Hirschia baltica",0.425122914813376,0.814007675110438,0.424515909349198,0.827454120853973
"Homo sapiens",0.020286958961996,0.266235224476275,0.049246817936499,0.311395361109941
"Hylemonella gracilis",0.457387037288777,0.851566186077921,0.4934559212283,0.886698377507034
"Hyphomicrobium denitrificans",0.513245865017155,0.852896372935807,0.482821280180376,0.849126868149704
"Hyphomonas neptunium",0.500042827708609,0.852454702227258,0.519945985406733,0.871974206160706
"Ignavibacterium album",0.495174894895717,0.849064530958233,0.481938769434909,0.867534430413147
"Ilumatobacter coccineum",0.51422617799896,0.86530727723464,0.536506878823587,0.885073847068106
"Jonesia denitrificans",0.489278944312355,0.859617112205269,0.489356119941175,0.860787994198399
"Jonquetella anthropi",0.490212443527933,0.846940439016845,0.483497445022824,0.86683109734992
"Klebsiella pneumoniae",0.386099895998534,0.783458034083221,0.160699686919831,0.582357562279189
"Kocuria rhizophila",0.489659318197933,0.851499212016392,0.532531347665145,0.873128487859648
"Kribbella flavida",0.487128698057472,0.844108514945781,0.469385781626264,0.870619151572406
"Lachnospiraceae bacterium",0.471953516339673,0.846167582417102,0.446693610038786,0.845741185826693
"Lactobacillus acidophilus ",0.367721403446532,0.788297614215378,0.284999548609348,0.756134638000838
"Lactobacillus amylotrophicus",0.441852078672146,0.83402146132561,0.452021427823735,0.852317909565589
"Lactobacillus antri",0.50830306884835,0.858425906578188,0.524413099879537,0.88708838719638
"Lactobacillus aviarius",0.452748646640804,0.828074740544994,0.465337992180099,0.848532220838234
"Lactobacillus coleohominis",0.589576125679844,0.885543414383709,0.578217179152172,0.899095329517342
"Lactobacillus crispatus",0.321227361067097,0.831422204453261,0.410227493478168,0.902129655981256
"Lactobacillus delbrueckii",0.455632438385788,0.834903675761221,0.463638696316704,0.847476024590025
"Lactobacillus fermentum",0.476004110684029,0.840926641707218,0.465082206079357,0.857082690944612
"Lactobacillus gasseri",0.0291361484633126,0.459445678926988,0.0624493006875707,0.542410042493746
"Lactobacillus homohiochii",0.506075045831265,0.85548544085625,0.515684090897326,0.878744473340192
"Lactobacillus iners",0.0981560913679259,0.66440833641894,0.135200803606666,0.734643217603699
"Lactobacillus jensenii",0.300556793748825,0.820998573353195,0.359231531133855,0.883815954845119
"Lactobacillus oris",0.483639809769609,0.845909930811607,0.454700604611204,0.829536031292618
"Lactobacillus paracasei",0.474192889037899,0.838968707632509,0.489835012674989,0.867858707626987
"Lactobacillus plantarum",0.408213879202514,0.81837093486375,0.376461199153744,0.820541401157327
"Lactobacillus reuteri",0.00169361493424352,0.0814099473833012,0.000181577772175284,0.0116503037647907
"Lactobacillus rhamnosus",0.492166728848674,0.847089140047562,0.503813399809262,0.869574652988246
"Lactobacillus salivarius",0.156983614112941,0.637582222682353,0.108605395937552,0.5260984977624
"Lactobacillus ultunensis",0.427385470538545,0.817990021774621,0.446230618091623,0.837583282109133
"Lactobacillus vaginalis",0.41693050935513,0.815839381622874,0.394205703057387,0.814946239766758
"Leptospira kmetyi",0.46812153521128,0.849389159390556,0.477450390533881,0.864140620078928
"Leuconostoc lactis",0.45346599761044,0.824181815411426,0.45895774635898,0.844924294350322
"Listeria monocytogenes",0.459420232139781,0.829487454930652,0.458664405087653,0.848142520140294
"Loxodonta africana",0.438896316868201,0.825947933263277,0.464367682588855,0.852799838640168
"Magnetospirillum magnetotacticum",0.402896157416399,0.814796992362757,0.434888981382483,0.848923698153037
"Malassezia globosa",0.53070355449655,0.864201119491745,0.537271480596768,0.886487177133555
"Mannheimia haemolytica",0.470098969129712,0.845263486182401,0.520139876857164,0.883722423399631
"Maricaulis maris",0.470950089728921,0.843616942801608,0.459198169477378,0.855582476543978
"Marinithermus hydrothermalis",0.520214641129879,0.858319781083045,0.53615368034002,0.889981939842604
"Marinitoga piezophila",0.448448186000733,0.829962159575446,0.467738093814358,0.856216988844901
"Marvinbryantia formatexigens",0.453770122674306,0.835481685087743,0.453666694546572,0.859147826090792
"Megasphaera cerevisiae",0.472094603147916,0.835557159728833,0.469440914341131,0.839885380900078
"Megasphaera elsdenii",0.487566236713873,0.855975925040017,0.511177428605998,0.889235750284893
"Megasphaera micronuciformis",0.499520857549675,0.857501480075933,0.525779911536631,0.870146091759119
"Megasphaera sp.",0.479601666824619,0.846406245950939,0.455677094997335,0.853281787384927
"Megasphaera sp. genomosp. type 1",0.0632622138127017,0.490573397652016,0.10596102506467,0.56925296352097
"Mesorhizobium ciceri",0.430354522858836,0.830544085460864,0.468089928659304,0.848660174319193
"Mesorhizobium opportunistum",0.44210545451653,0.826993145096768,0.454803120121871,0.83761427817382
"Methylobacillus flagellatus",0.423694030710345,0.83163924686532,0.452736571100131,0.860476203132612
"Methylobacterium chloromethanicum",0.493949626919648,0.855106353061283,0.525743271579865,0.876162140747756
"Methylobacterium jeotgali",0.493737396312405,0.851841262855417,0.510757058484358,0.881065183519792
"Methylobacterium nodulans",0.536635833514642,0.885280711666248,0.561560153057515,0.896339207600075
"Methylobacterium populi",0.466049773510181,0.840299355864417,0.46932811704019,0.845646529648552
"Methylocella silvestris",0.525716506753105,0.865666439984649,0.544481993226975,0.887389568018951
"Methylomicrobium album",0.469163188695596,0.826795880249516,0.476836446501843,0.829337652268522
"Methylophilus methylotrophus",0.479375846725834,0.839395962544397,0.491886729411967,0.873825124652093
"Methylotenera mobilis",0.453212420692374,0.833830713867629,0.482494319231789,0.838583986479799
"Methyloversatilis universalis",0.34062641303142,0.786645844835923,0.344504132551956,0.799448616291766
"Micavibrio aeruginosavorus",0.504205963160071,0.857732824013942,0.499820635117932,0.875672066295096
"Microbacterium testaceum",0.482648591049274,0.831861447322129,0.481111678661024,0.850390097868538
"Microlunatus phosphovorus",0.497072834321913,0.845869048992917,0.499386007760914,0.862345060375284
"Mitsuokella multacida",0.497943620100561,0.853986828168839,0.480675605009864,0.861256627493927
"Mobilicoccus pelagius",0.489905991199646,0.848746056588762,0.500768278141454,0.876678202064426
"Mobiluncus curtisii",0.519922953684262,0.866655437499521,0.538285426916486,0.875859986016375
"Mobiluncus mulieris",0.495079619040143,0.852475523021411,0.503469399849403,0.886253460676083
"Monilinia fructigena",0.463198136920856,0.840780947802986,0.492612425167736,0.872007873340392
"Moorella thermoacetica",0.470995721889403,0.835368087330696,0.48508726790877,0.858974617640049
"Moraxella canis",0.505230247969364,0.858705344876168,0.510097498147318,0.876258856780031
"Moraxella osloensis",0.261321766143176,0.718615537603539,0.291038580022347,0.742943580837256
"Morganella morganii",0.46400640917666,0.840321803925744,0.474946218776951,0.855487079228159
"Mucilaginibacter paludis",0.486488967037428,0.860034011852736,0.471661598762143,0.857409827252865
"Mycobacterium gilvum",0.508727848717361,0.858540450054744,0.515704974471262,0.865525240708761
"Mycobacterium tuberculosis",0.0335419906604663,0.326291083274373,0.043895216588251,0.326168488760694
"Mycobacterium tusciae",0.00464046242150671,0.101868158274137,0.0172080009538607,0.142989383407485
"Myxococcus fulvus",0.465254693469393,0.83390151477855,0.473073060911121,0.846807028921821
"Myxococcus xanthus",0.483171357700942,0.84047319464086,0.477515862816771,0.867668677191082
"Nakamurella multipartita",0.515680614120022,0.857148949105575,0.519283858539287,0.847257434790748
"Nautilia profundicola",0.443514471701094,0.825839377283148,0.471234175371621,0.852105687436585
"Nitratireductor indicus",0.480296507122817,0.839040261856491,0.48846808574434,0.854447908896911
"Nitrosomonas eutropha",0.435645418617717,0.814604693608122,0.447832040120727,0.833935820468029
"Nostoc commune",0.431006542589637,0.81165875224761,0.419207362862808,0.814323629771221
"Novosphingobium aromaticivorans",0.481427194351444,0.854085854064714,0.519893123354292,0.888529407820539
"Novosphingobium pentaromativorans",0.493044840003679,0.837828797596039,0.473867654383417,0.849397704572486
"Oceanibaculum indicum",0.543255485827485,0.873988860707704,0.546349002796404,0.890327613937774
"Oceanobacillus iheyensis",0.456961380300341,0.830940358097937,0.473512614407922,0.862029830906984
"Ochrobactrum pseudogrignonense",0.536153016564416,0.871064727430368,0.542462931601397,0.889996178303746
"Odoribacter splanchnicus",0.481587588791968,0.842504366194997,0.519798588751884,0.87450462858831
"Oligella ureolytica",0.47129090767933,0.851952183778795,0.515298101826324,0.878479955246087
"Oligella urethralis",0.523234537049028,0.854423414022171,0.537203435688038,0.883159685721247
"Olsenella uli",0.514331535607652,0.871585947402947,0.536900077341551,0.888334770779607
"Opitutus terrae",0.502288638368261,0.855193516135923,0.510681317919591,0.887937818380102
"Oscillibacter valericigenes",0.492463246689766,0.842177769319461,0.46210715596728,0.841532001067534
"Ostreococcus lucimarinus",0.485012473091657,0.851069044304991,0.493041520722072,0.859061343076651
"Oxalicibacterium horti",0.486467011608936,0.835255564127007,0.499190755357252,0.86384417799837
"Oxobacter pfennigii",0.459851112879857,0.848232923977913,0.497793989477855,0.874305393189895
"Paenibacillus curdlanolyticus",0.491573039741256,0.84039120528966,0.532150893349147,0.875200657975926
"Paenibacillus mucilaginosus",0.532163723073632,0.871643511195453,0.507916310289455,0.881244284456794
"Paenibacillus terrae",0.518614569443508,0.85931829190473,0.501627008918355,0.866316161599468
"Pan paniscus",0.0699298618326473,0.483873310451852,0.132828723628808,0.565185005506425
"Parabacteroides distasonis",0.449700867643824,0.82481398557171,0.364887198729587,0.777758756365486
"Parabacteroides gordonii",0.526124223614704,0.862440476389064,0.516408252499956,0.886208264611711
"Parabacteroides merdae",0.51390982946534,0.861449979583586,0.534240176693196,0.891379665994761
"Parachlamydia acanthamoebae",0.513145502403603,0.85659379557441,0.539402075355618,0.867460384605477
"Paraprevotella clara",0.553782049923198,0.860507102736756,0.565843139524793,0.89383802314055
"Paraprevotella clara ",0.457853711323086,0.832521807076883,0.48801201068564,0.859924031120328
"Paraprevotella xylaniphila",0.520048195320325,0.861927910735424,0.507913166591456,0.875322261524392
"Parasutterella excrementihominis",0.499658825599276,0.865114802458213,0.5079271155658,0.891163846194371
"Parvimonas micra",0.522011425830961,0.857510173524583,0.513652052902568,0.86964185885603
"Pectinatus frisingensis",0.516939572827236,0.857781099815184,0.516076656674112,0.870084870705888
"Pectobacterium carotovorum",0.487444130756614,0.839453216388942,0.51458332650052,0.865249787782565
"Pediococcus damnosus",0.441354909597217,0.822608405308675,0.482842436324809,0.873308215486564
"Pedobacter heparinus",0.494677630392205,0.855363364205206,0.497028686933311,0.869012644371981
"Pedobacter saltans",0.492916566390453,0.85015117429661,0.492814513003848,0.853061306938635
"Pelagibacterium halotolerans",0.494254275159705,0.842668859963448,0.484778585944841,0.837676009074913
"Pelobacter propionicus",0.531029734646719,0.873602502757874,0.564843119271194,0.885653184863925
"Pelodictyon luteolum",0.492950408230852,0.852663050012741,0.527818265292282,0.883101058174245
"Peptoniphilus duerdenii",0.510940291975921,0.871467546997553,0.514477066606328,0.883831202250971
"Peptoniphilus harei",0.439332377019314,0.826251499895955,0.472308294060998,0.862874611973548
"Peptoniphilus indolicus",0.512757061873753,0.85512613362365,0.506305172492138,0.87967370081007
"Peptoniphilus lacrimalis",0.480410213262875,0.855320559107201,0.502953683823058,0.88288157800281
"Peptoniphilus rhinitidis",0.472220935693928,0.840993918911818,0.489389076575415,0.862620816466237
"Peptostreptococcus anaerobius",0.466908468675151,0.835354061724487,0.452903059146116,0.847759643569544
"Phaeobacter gallaeciensis",0.508851941731523,0.857466738873494,0.524095577474351,0.875522368435391
"Phascolarctobacterium sp.",0.478843385638367,0.847125923083141,0.486260229221833,0.865642987245883
"Polaribacter irgensii",0.533461513522613,0.871578395716851,0.532374249859201,0.883379518932425
"Polymorphum gilvum",0.467980983675759,0.826571477388839,0.493351244909233,0.830485889457816
"Polynucleobacter necessarius",0.557871456476051,0.876399113547386,0.574708262552972,0.894834869354183
"Porphyromonas asaccharolytica",0.513026413936788,0.861723676100896,0.546871044205664,0.885290564244137
"Porphyromonas catoniae",0.439597322623419,0.82084900624333,0.467981373133517,0.843781526123217
"Porphyromonas circumdentaria",0.475116555660104,0.841166510669249,0.480116604356427,0.854770470953243
"Porphyromonas endodontalis",0.508629488212638,0.86258101323215,0.500010337336627,0.865338166813328
"Porphyromonas gingivicanis",0.452583390675318,0.834954713259821,0.472889622411585,0.868574436426287
"Porphyromonas gulae",0.515502929632421,0.853789230893679,0.518478787262633,0.871916962801288
"Porphyromonas somerae",0.49684269218731,0.856036956501096,0.502459137933379,0.867198792920134
"Porphyromonas uenonis",0.297542212415074,0.722793066504099,0.393123584392966,0.807936468523834
"Prevotella amnii",0.502026203324891,0.856263088900447,0.57151684771495,0.907360293811918
"Prevotella aurantiaca",0.53397567623905,0.860110045338856,0.526539471189867,0.868140285056409
"Prevotella baroniae",0.4724571979385,0.847658063317097,0.472246163288403,0.86056289916677
"Prevotella bergensis",0.52438686619521,0.86485192474371,0.573985213766409,0.909137366109103
"Prevotella bivia",0.4671943201527,0.842890546568707,0.468393230710061,0.839940084738571
"Prevotella bryantii",0.526950150762237,0.867696684368555,0.518713495689177,0.882685225407295
"Prevotella buccae",0.544180651080675,0.872456093901465,0.534142419228842,0.891201214258073
"Prevotella buccalis",0.473736866401357,0.843180770686639,0.552874672371185,0.872969476961678
"Prevotella copri",0.532357123548134,0.867181689602638,0.532360560509338,0.884582107106452
"Prevotella corporis",0.439696821671039,0.82648562463201,0.452556399372702,0.857559786281755
"Prevotella dentalis",0.495157557983726,0.864495054323884,0.498481192393218,0.879482447656544
"Prevotella dentasini",0.4753014073395,0.848122341986251,0.48480666208017,0.848228888068561
"Prevotella denticola",0.464482274281642,0.835017211306159,0.504479455937444,0.861261948136924
"Prevotella disiens",0.329917600776055,0.736471592802625,0.359827826053939,0.77815753660689
"Prevotella heparinolytica",0.500483520796882,0.850920410832222,0.477979798273929,0.856542036527868
"Prevotella intermedia",0.495326673940431,0.854963241512231,0.517715225238692,0.879770305676649
"Prevotella loescheii",0.542879792422861,0.875415424449782,0.56338206688082,0.88691849953878
"Prevotella marshii",0.514160535353784,0.863413442975096,0.496296761770331,0.870930465012416
"Prevotella melaninogenica",0.507648219885405,0.862777261662968,0.528497657683042,0.895291732778235
"Prevotella multisaccharivorax",0.489292548233174,0.840172105591981,0.465389192281247,0.859090190768419
"Prevotella nigrescens",0.492529221006088,0.847900889274491,0.51071545780693,0.881416933756953
"Prevotella oralis",0.478210550260019,0.842246394568401,0.525972668902651,0.864312471591519
"Prevotella paludivivens",0.460034352967436,0.827651178881829,0.486421736519469,0.859000041364784
"Prevotella stercorea",0.51373796309968,0.853278271923114,0.488477453709493,0.866221066550804
"Prevotella tannerae",0.524252655483288,0.871220988690708,0.515898971629348,0.874613176759794
"Prevotella tannerae ",0.43338758631164,0.832076428445357,0.463445994155515,0.860307132494805
"Prevotella timonensis",0.497965343373722,0.875483131790092,0.508903522424312,0.886679026276824
"Prevotella veroralis",0.467300022598784,0.838422380913785,0.515035315220066,0.873285960070601
"Prevotella veroralis ",0.481615944356792,0.842213966089162,0.493821053470711,0.868479482603353
"Prevotella zoogleoformans",0.501715566531823,0.860937769883387,0.525814852493562,0.885217771922737
"Propionibacterium acidipropionici",0.458627649179918,0.832536714806018,0.497810472055427,0.867170912389223
"Propionibacterium acnes",0.205200930468561,0.647793733771925,0.276773142064379,0.722505830162017
"Propionibacterium avidum",0.451711111214983,0.837790785574263,0.480844559615344,0.860604906062824
"Propionibacterium granulosum",0.00395483885581397,0.129898354709994,0.0118317007622033,0.146850335439444
"Prosthecochloris vibrioformis ",0.474586922243887,0.838705648605044,0.48937609597417,0.871057530379173
"Providencia burhodogranariea",0.50877831045109,0.851581545498843,0.535027764610898,0.873430353471345
"Providencia sneebia",0.542565165995783,0.866931571557402,0.536374536746259,0.888076996937072
"Pseudomonas brassicacearum",0.010459677874768,0.154300415320887,0.00124632217874091,0.0272699835631869
"Pseudomonas chlororaphis",0.225776394397589,0.64605663110241,0.279079048972167,0.707087293105434
"Pseudomonas fluorescens",0.246854390963449,0.672317825686578,0.259147326004234,0.712674532792135
"Pseudomonas psychrotolerans",0.480036706724677,0.849564068808401,0.477604347334685,0.863989538375365
"Pseudomonas putida",0.0216876434589594,0.291389956615871,0.00772626178442169,0.144016641132032
"Pseudoxanthomonas spadix",0.449519602186824,0.835095728950993,0.477107777695588,0.86593635969752
"Pseudoxanthomonas suwonensis",0.542445893326993,0.862661991512667,0.555578787392522,0.887336551802618
"Ralstonia pickettii",0.536424021409256,0.878560030210151,0.520042979866016,0.886424624044832
"Ralstonia pickettii ",0.470885708032347,0.828797008178435,0.469022955664381,0.859320081568509
"Ralstonia syzygii",0.517408194823942,0.862407733954046,0.499578377951008,0.868655441537225
"Ramlibacter tataouinensis",0.456939657248076,0.836851336500895,0.477157003800925,0.848545548890984
"Rhizobium etli",0.492911113240576,0.859393358846501,0.506119287640187,0.871197904325126
"Rhizobium lupini",0.508091294203723,0.85981013963009,0.50565764376189,0.871234353072503
"Rhizobium mesoamericanum",0.50158498941248,0.867298590547221,0.523044440754264,0.883220399550054
"Rhodobacter capsulatus",0.499509321165213,0.859581233729119,0.498354662433105,0.884898625912575
"Rhodobacter sphaeroides",0.515636065818045,0.857571937145134,0.52913529931072,0.8761029702931
"Rhodococcus fascians",0.534570279480142,0.872285931262471,0.544731127013246,0.878137795363477
"Rhodococcus jostii",0.491854057621911,0.849615554999292,0.494840266009811,0.867911351236441
"Rhodococcus qingshengii",0.477012945011115,0.828833434773545,0.475273025541592,0.84613169216098
"Rhodocyclus tenuis",0.47937307086448,0.848218509479022,0.504947079768574,0.8775277262079
"Rhodoferax ferrireducens",0.479398817696116,0.841100260375872,0.515118113311347,0.864095686480552
"Rhodospirillum rubrum",0.499170671429764,0.862903548809941,0.493617672970556,0.865591158768861
"Rhodothermus marinus",0.419137091781812,0.810486927282342,0.400475846523634,0.810035735291073
"Roseburia hominis",0.398088943970393,0.793438015314636,0.304120330190587,0.738345908612141
"Rothia dentocariosa",0.485474829064685,0.846146676062506,0.4731211038406,0.868495090286791
"Rothia mucilaginosa",0.257970013539722,0.698404797346486,0.307991494805083,0.749879916623683
"Ruminococcus albus",0.476474201161852,0.848598281059567,0.505550854331611,0.872205532254709
"Ruminococcus bromii",0.479188398110768,0.849577188756975,0.489428554581966,0.864410541533083
"Ruminococcus flavefaciens",0.532380808096304,0.85445170738223,0.507540681794842,0.86515482929302
"Ruminococcus gnavus",0.560020771778582,0.875332752334334,0.539608286836373,0.88987871541197
"Ruminococcus lactaris",0.426828800779063,0.818164910018627,0.437374707559311,0.838203503459961
"Ruminococcus torques",0.503000729332743,0.868883126228496,0.529455924864911,0.89207291675909
"Runella slithyformis",0.502066854297869,0.848032817676039,0.500593684025544,0.861268148949011
"Salinispora tropica",0.527480655018116,0.865325489216513,0.547933303709554,0.885336332443493
"Saprospira grandis",0.47802418060581,0.837668200104375,0.49280090745961,0.859740084830959
"Selenomonas flueggei",0.477782686340095,0.836439815330858,0.482169866011444,0.843062820511026
"Selenomonas ruminantium",0.529768451044525,0.863101498022693,0.541218927368317,0.882917262831637
"Selenomonas sputigena",0.507071611632344,0.849239388923265,0.512290877321818,0.865607242992732
"Serratia ficaria",0.433698301264575,0.815070946135943,0.49628692395012,0.842645277333101
"Serratia proteamaculans",0.458661898720103,0.836297913078587,0.451200708043655,0.843933732064077
"Shewanella denitrificans",0.451451990081909,0.824524204230602,0.474233732235842,0.858375116147097
"Shigella boydii",0.400058152729326,0.82239020550509,0.413157511779375,0.848924532821638
"Shigella sonnei",0.388659747798442,0.79720591725808,0.423799126733687,0.847760975187186
"Shuttleworthia satelles",0.489417053132959,0.841054244586608,0.507913312903138,0.865016720616541
"Silicibacter pomeroyi",0.516081527145962,0.859651787263878,0.518584088048239,0.877350434876973
"Sinorhizobium medicae",0.499497549635241,0.850372663484958,0.524017574186069,0.879544697488517
"Slackia exigua",0.49228400207542,0.839833930521693,0.491871238721156,0.845593393740943
"Sodalis glossinidius",0.479816657749503,0.835206946591182,0.486261327300851,0.852526539723768
"Solibacillus silvestris",0.495015749443775,0.835871526950837,0.50282062612859,0.862718826109303
"Solibacter usitatus",0.475498801908046,0.842331202884088,0.468991964387431,0.853135777450513
"Sphaerotilus natans",0.281396302073356,0.697765098278238,0.278780731573068,0.723862631376378
"Sphingobacterium canadense",0.468033589454479,0.842415785172473,0.483139533963606,0.862882756999714
"Sphingobacterium multivorum",0.466618382462166,0.83615234818686,0.486133553237563,0.868625924423478
"Sphingobium chlorophenolicum",0.0870606613825881,0.481783110816017,0.0726019183727021,0.414045573698115
"Sphingobium indicum",0.482818038383494,0.840026600236943,0.529742933369807,0.863457989671861
"Sphingobium yanoikuyae",0.489240056288854,0.847050662860992,0.483840565076108,0.863333393834286
"Sphingomonas wittichii",0.506595493063511,0.844639567624561,0.459161391630894,0.841165507921443
"Sphingopyxis alaskensis",0.247950280459645,0.690668074548262,0.164437030723415,0.588161523826248
"Spirochaeta africana",0.450255284660136,0.835985624547369,0.462460245427798,0.844936921471114
"Spirochaeta smaragdinae",0.486762584840225,0.838985522905954,0.509880518701924,0.862840110357362
"Spirochaeta thermophila",0.449633368056379,0.837921504813327,0.475204589689365,0.870626541843582
"Spirulina subsalsa",0.49104477002286,0.845175336757889,0.504489699721768,0.866570433522191
"Sporosarcina psychrophila",0.513509891956101,0.859134065001068,0.540910587744248,0.887083408407683
"Staphylococcus anginosus",0.505039108821292,0.84327156294614,0.5465231731533,0.882648824632154
"Staphylococcus capitis",0.491691125350862,0.852260252697127,0.493571111833009,0.874900034487112
"Staphylococcus carnosus",0.469878439446714,0.836454948303442,0.492717361473587,0.852212559481785
"Staphylococcus epidermidis",0.442024219580839,0.812555877392328,0.477277573951392,0.835151034208245
"Staphylococcus haemolyticus",0.491998051815289,0.844982158565592,0.514908898945943,0.873321477391175
"Staphylococcus hominis",0.0431976183135126,0.381889581715209,0.0685975828612732,0.416413453977032
"Staphylococcus simiae",0.509366497259624,0.857581682840472,0.512112928763168,0.870155605813906
"Stenotrophomonas maltophilia",0.240999585309594,0.672720691407584,0.192553037573128,0.620489271667316
"Streptobacillus moniliformis",0.454649069255379,0.822886514365323,0.456567529143326,0.842267684969948
"Streptococcus agalactiae",2.22742098199367e-06,0.000585221835668444,0.000112823813286757,0.00625126488029847
"Streptococcus anginosus",0.436843153632966,0.817337632406322,0.477998648617976,0.846062296923303
"Streptococcus australis",0.498752868910543,0.844516680132497,0.484670504709778,0.858603425150577
"Streptococcus constellatus",0.000162276402786304,0.0158576098765691,0.00128311718037489,0.0395813046538635
"Streptococcus devriesei",0.39215719464529,0.786719955076618,0.294280599124509,0.749355300870443
"Streptococcus hyointestinalis",0.505928227344865,0.855336874340073,0.529515776797183,0.876621899299979
"Streptococcus infantis",0.457232453761798,0.841052540456552,0.464340683571221,0.865039416803319
"Streptococcus intestinalis",0.509188736853005,0.851903654797954,0.517495691066597,0.880048502258664
"Streptococcus mitis",0.480287924081358,0.848628337037722,0.503252963803157,0.884113282838465
"Streptococcus oralis",0.451623303592202,0.840942678853363,0.428030062723742,0.847415097597307
"Streptococcus parasanguinis",0.527865608050551,0.862847220530993,0.515882057893166,0.865047884891884
"Streptococcus pseudopneumoniae",0.49589306971393,0.850313541522457,0.550766988745839,0.883784357046502
"Streptococcus ratti",0.485781571231349,0.853464483102701,0.457535277325309,0.859877185497663
"Streptococcus salivarius",0.526677529262325,0.87261961068321,0.534103305437171,0.887926425631916
"Streptococcus salivarius subsp. salivarius",0.452083812537856,0.831817137006837,0.47991887472338,0.871892215436071
"Streptococcus sanguinis",0.453543806152769,0.824422186746826,0.47353162502371,0.855584756775521
"Streptococcus suis",0.519361320250173,0.864659726599676,0.533712140862091,0.889342513703793
"Streptococcus urinalis",0.498821467399709,0.849171396807484,0.505578951541813,0.87039176254346
"Streptococcus vestibularis",0.479652300278951,0.852104059517396,0.506869598273879,0.872778249382612
"Streptococcus waius",0.494079169998227,0.838908117287039,0.513394886898042,0.874942676688709
"Streptomyces bingchenggensis",0.518297340495362,0.859710883532755,0.516415724710823,0.866423996568205
"Streptomyces cattleya",0.488302382760542,0.857445109903472,0.50262140016767,0.884093722324085
"Streptomyces globisporus",0.495403409894822,0.857042556555811,0.527168989649518,0.875715206509649
"Streptomyces mobaraensis",0.520157470626466,0.866585617741788,0.546749458938826,0.899985181694869
"Streptomyces venezuelae",0.519035871914724,0.85582612611005,0.515103863323494,0.862480877896336
"Subdoligranulum variabile",0.506592002988951,0.8662917188112,0.552082124519408,0.89521528741955
"Succinivibrio dextrinosolvens",0.561975663578884,0.884170821534303,0.550430127418618,0.894702171148993
"Sulfurihydrogenibium azorense",0.487139140103418,0.85002452390777,0.507368964534244,0.873111236745295
"Sulfurihydrogenibium yellowstonense",0.471539014615836,0.826528263147571,0.471146384570562,0.845594426717079
"Sutterella wadsworthensis",0.546337709528313,0.862533366712445,0.554557641844956,0.877860238987331
"Symbiobacterium thermophilum",0.504452409005635,0.841951524344024,0.498712569408719,0.845012088924002
"Synechococcus elongatus",0.569640508631138,0.876218827485643,0.579270704495645,0.892864370244836
"Tannerella forsythia",0.452107806086883,0.833843685251628,0.48539259514843,0.856266985961594
"Taylorella equigenitalis",0.542298363143744,0.870167951545811,0.557735862707324,0.900333068149974
"Telluria mixta",0.470173896050345,0.846347299840527,0.486739630823871,0.859274297458813
"Terrimonas ferruginea",0.4694898815487,0.841687462420907,0.480859213352972,0.854043394142513
"Tetrasphaera australiensis",0.414895806069072,0.824768836009021,0.46559326147723,0.864313364509557
"Tetrasphaera elongata",0.458952262705291,0.824674796593493,0.473436262397731,0.840567041743474
"Tetrasphaera vanveenii",0.458020875340386,0.831746752140251,0.481186146203167,0.862412475713951
"Thermaerobacter subterraneus",0.538474831072552,0.860329055016333,0.539399062212774,0.869743470331248
"Thermoanaerobacter thermocopriae",0.514218738420039,0.862583868082736,0.537017906227452,0.887031464204429
"Thermobacillus composti",0.501956328973757,0.846946708806293,0.493290961599303,0.853969745772356
"Thermobispora bispora",0.507549108741664,0.854875462909317,0.528227709156036,0.872341742619098
"Thermodesulfovibrio yellowstonii",0.500154921467136,0.854419249783097,0.493039529195131,0.866417692139276
"Thiobacillus denitrificans",0.528424149174481,0.868530646352275,0.54477298055943,0.883213165796282
"Treponema brennaborense",0.504167732865151,0.847514621475544,0.489562406850027,0.871773455327334
"Treponema primitia",0.481172467720566,0.843429666088137,0.489295301310305,0.869414336807109
"Treponema succinifaciens",0.448364126230384,0.836228404136208,0.458976493987298,0.866663942006365
"Treponema vincentii",0.478889443309957,0.845484002276131,0.512146514959919,0.873992364096659
"Trichechus manatus latirostris ",0.485329344018085,0.834204398379762,0.515497971592448,0.860245792407
"Truepera radiovictrix",0.47441731334578,0.845411544615541,0.48898898149279,0.866891109826871
"Variovorax paradoxus",4.72381226619562e-05,0.00612312033553768,3.0344538384267e-06,0.000392108941042759
"Veillonella atypica",0.49284251420183,0.843970008640108,0.52805927243629,0.861073417305773
"Veillonella parvula",0.418934412318351,0.816439713969982,0.434502571877772,0.838805557945907
"Veillonella ratti",0.518094623482706,0.864505158807626,0.532885539879124,0.885886030993935
"Verrucomicrobium spinosum",0.488264071139898,0.85393322553345,0.518713611516372,0.874410696155421
"Verticillium albo-atrum",0.528078733841768,0.865174516435286,0.544200491060565,0.885668661177023
"Vibrio chagasii",0.485027311060803,0.84852889110745,0.496987220177525,0.867964752159537
"Vibrio cholerae",0.447430227058193,0.821501990961547,0.480068277181442,0.867569844527815
"Vibrio cyclitrophicus",0.461162231220519,0.830550091558052,0.480019068384228,0.851881139612822
"Victivallis vadensis",0.468144408734992,0.85117187018932,0.48429611298245,0.866896013576948
"Weissella viridescens",0.531231018197176,0.868010037899216,0.533508651376305,0.875338398479818
"Zunongwangia profunda",0.356722101168187,0.763142700830794,0.315386925669009,0.755873144368101
